id_concessionaria,Id_Veicolo,modello,brand,nazionalita,citta,n_id_veicolo
1,19UUA66257A381280,"Grand Prix",Pontiac,BF,Koupla,NULL
1,1B3CB7HB0AD097606,1000,Pontiac,BF,Koupla,NULL
1,1FMJK1F56BE701003,Starion,Mitsubishi,BF,Koupla,1FMJK1F56BE701003
1,1FT7W2A68EE175714,Prowler,Plymouth,BF,Koupla,NULL
1,1FTWW3B57AE202242,Freestar,Ford,BF,Koupla,NULL
1,1G6KD57Y14U991765,"Sierra 3500",GMC,BF,Koupla,NULL
1,1GYUKKEF4AR354339,HHR,Chevrolet,BF,Koupla,NULL
1,2G4WC582081194447,Corrado,Volkswagen,BF,Koupla,2G4WC582081194447
1,3D4PG7FG4BT654208,Eclipse,Mitsubishi,BF,Koupla,NULL
1,3VW467ATXCM439657,Trooper,Isuzu,BF,Koupla,3VW467ATXCM439657
1,5N1AR1NB3BC494782,Quest,Nissan,BF,Koupla,5N1AR1NB3BC494782
1,JTJBM7FX5A5317462,"Suburban 1500",Chevrolet,BF,Koupla,JTJBM7FX5A5317462
1,KNADM4A36D6462178,V70,Volvo,BF,Koupla,KNADM4A36D6462178
1,SALAB2D4XCA606131,Pacifica,Chrysler,BF,Koupla,NULL
1,VNKJTUD39FA016666,"Miata MX-5",Mazda,BF,Koupla,NULL
1,WAUEFAFL7DA023140,"Savana 2500",GMC,BF,Koupla,WAUEFAFL7DA023140
1,WAUXL58E55A579648,E-Class,Mercedes-Benz,BF,Koupla,NULL
1,WBA3R5C56EK638737,Jimmy,GMC,BF,Koupla,NULL
1,WBABS53483E568869,911,Porsche,BF,Koupla,WBABS53483E568869
1,WBAEW53453P852773,Eclipse,Mitsubishi,BF,Koupla,NULL
1,WBANF33537B949437,"Santa Fe",Hyundai,BF,Koupla,NULL
1,WBSBR93422P862592,"Mini Cooper",Austin,BF,Koupla,NULL
2,1C3CDZAB5DN954083,Tracker,Geo,CN,Yajiang,NULL
2,1C4AJWAG1FL903720,Tahoe,Chevrolet,CN,Yajiang,NULL
2,1FMJU1H51AE944207,H2,Hummer,CN,Yajiang,1FMJU1H51AE944207
2,1G6DJ8EY3B0283589,Genesis,Hyundai,CN,Yajiang,1G6DJ8EY3B0283589
2,1G6DP8E39D0469207,"Grand Voyager",Plymouth,CN,Yajiang,NULL
2,1G6DX67D780035657,Diamante,Mitsubishi,CN,Yajiang,1G6DX67D780035657
2,1N6AA0CH2FN812489,Prizm,Chevrolet,CN,Yajiang,1N6AA0CH2FN812489
2,1N6AA0CJ7DN535161,GT-R,Nissan,CN,Yajiang,1N6AA0CJ7DN535161
2,5TDDK3DC5DS703940,Camry,Toyota,CN,Yajiang,5TDDK3DC5DS703940
2,KMHCT4AE5EU533009,Corolla,Toyota,CN,Yajiang,KMHCT4AE5EU533009
2,KMHHU6KJ3FU980885,"Club Wagon",Ford,CN,Yajiang,KMHHU6KJ3FU980885
2,KNAFT4A20B5790038,300TE,Mercedes-Benz,CN,Yajiang,NULL
2,KNAFT4A27D5359747,GT500,Ford,CN,Yajiang,KNAFT4A27D5359747
2,W06VR54R81R329304,760,BMW,CN,Yajiang,W06VR54R81R329304
2,WAUFEBFM4BA497405,Aerio,Suzuki,CN,Yajiang,NULL
2,WBAHN03507D553081,"Type 2",Volkswagen,CN,Yajiang,NULL
2,WBAYB6C54FD046808,Charger,Dodge,CN,Yajiang,WBAYB6C54FD046808
2,WUALNAFG6EN915053,"V8 Vantage","Aston Martin",CN,Yajiang,WUALNAFG6EN915053
2,WVGEF9BP3FD535968,Truck,Mitsubishi,CN,Yajiang,NULL
3,19XFB2F56FE463392,"LS Hybrid",Lexus,ID,"Curahkalak Tengah",NULL
3,1GYS3GEF0DR400805,S40,Volvo,ID,"Curahkalak Tengah",NULL
3,1ZVBP8JZ2E5451986,Sunbird,Pontiac,ID,"Curahkalak Tengah",NULL
3,2B3CA5CT8AH379423,E-Series,Ford,ID,"Curahkalak Tengah",2B3CA5CT8AH379423
3,2B3CJ7DW7AH554779,Sebring,Chrysler,ID,"Curahkalak Tengah",NULL
3,2C3CDZBTXFH757560,Elantra,Hyundai,ID,"Curahkalak Tengah",2C3CDZBTXFH757560
3,4JGBF2FB8AA397170,Millenia,Mazda,ID,"Curahkalak Tengah",NULL
3,5J8TB1H51CA643955,Durango,Dodge,ID,"Curahkalak Tengah",5J8TB1H51CA643955
3,5YMGZ0C54E0628752,Esteem,Suzuki,ID,"Curahkalak Tengah",5YMGZ0C54E0628752
3,KNDKG3A28A7688862,"Park Avenue",Buick,ID,"Curahkalak Tengah",KNDKG3A28A7688862
3,WAUJGAFD1FN849935,"Silverado 3500",Chevrolet,ID,"Curahkalak Tengah",NULL
3,WAULT64B42N116579,Esperante,Panoz,ID,"Curahkalak Tengah",WAULT64B42N116579
3,WAUXL58E24A462625,TL,Acura,ID,"Curahkalak Tengah",NULL
3,WBA3A9G55DN535685,Aviator,Lincoln,ID,"Curahkalak Tengah",NULL
3,WDDGF4HBXDR527707,Versa,Nissan,ID,"Curahkalak Tengah",NULL
3,WDDHF0EB3EA992024,Xterra,Nissan,ID,"Curahkalak Tengah",WDDHF0EB3EA992024
3,YV4612HK3F1455305,Caravan,Dodge,ID,"Curahkalak Tengah",YV4612HK3F1455305
4,1B3CB7HB8AD357847,riolet,Audi,SI,"Zgornje Pirnice",NULL
4,1C3CC5FB0AN642706,"Range Rover Evoque","Land Rover",SI,"Zgornje Pirnice",NULL
4,1C6RD7PT5CS546927,S60,Volvo,SI,"Zgornje Pirnice",NULL
4,1D7CE3BK8AS148097,B-Series,Mazda,SI,"Zgornje Pirnice",1D7CE3BK8AS148097
4,1GKS2GEJ4CR215477,9-5,Saab,SI,"Zgornje Pirnice",NULL
4,1GTN1UEH1EZ335795,CR-X,Honda,SI,"Zgornje Pirnice",NULL
4,1N6AD0CW9FN014819,Venture,Chevrolet,SI,"Zgornje Pirnice",1N6AD0CW9FN014819
4,3C6TD4HT9CG111659,"Nuova 500",Fiat,SI,"Zgornje Pirnice",3C6TD4HT9CG111659
4,3FAHP0CG2BR349984,4Runner,Toyota,SI,"Zgornje Pirnice",NULL
4,3VW1K7AJ2FM012457,Reno,Suzuki,SI,"Zgornje Pirnice",3VW1K7AJ2FM012457
4,4T1BF3EK3BU236006,Celica,Toyota,SI,"Zgornje Pirnice",NULL
4,5N1AT2ML5FC459989,Scirocco,Volkswagen,SI,"Zgornje Pirnice",5N1AT2ML5FC459989
4,5N1AT2ML7EC943886,Biturbo,Maserati,SI,"Zgornje Pirnice",5N1AT2ML7EC943886
4,JH4DC54873S642535,Sunfire,Pontiac,SI,"Zgornje Pirnice",JH4DC54873S642535
4,JN8AE2KP8D9497932,Lancer,Mitsubishi,SI,"Zgornje Pirnice",JN8AE2KP8D9497932
4,KMHHT6KD6CU250249,Freestyle,Ford,SI,"Zgornje Pirnice",KMHHT6KD6CU250249
4,SALAK2V67FA697086,GT-R,Nissan,SI,"Zgornje Pirnice",SALAK2V67FA697086
4,SCFFDCCD1AG601202,Sunbird,Pontiac,SI,"Zgornje Pirnice",NULL
4,WA1CKBFP2AA964483,Azera,Hyundai,SI,"Zgornje Pirnice",WA1CKBFP2AA964483
4,WAUAH94F57N458031,Corvette,Chevrolet,SI,"Zgornje Pirnice",WAUAH94F57N458031
4,WAUNE78P58A918900,"Defender 110","Land Rover",SI,"Zgornje Pirnice",WAUNE78P58A918900
4,WAUXG94F99N995906,MDX,Acura,SI,"Zgornje Pirnice",NULL
4,WBAET37425N455043,"599 GTB Fiorano",Ferrari,SI,"Zgornje Pirnice",WBAET37425N455043
5,1FADP3E27DL850744,Highlander,Toyota,BY,Nyakhachava,NULL
5,1FMJU1J53AE660281,MX-5,Mazda,BY,Nyakhachava,NULL
5,1FTMF1EW2AF789931,Sunbird,Pontiac,BY,Nyakhachava,1FTMF1EW2AF789931
5,1G4GE5E3XCF416988,Trooper,Isuzu,BY,Nyakhachava,1G4GE5E3XCF416988
5,1G4PR5SK9C4883296,Accord,Honda,BY,Nyakhachava,1G4PR5SK9C4883296
5,1G6AA5RA9E0857213,SRX,Cadillac,BY,Nyakhachava,1G6AA5RA9E0857213
5,1G6DT57V180050749,MKZ,Lincoln,BY,Nyakhachava,1G6DT57V180050749
5,1GYFC23219R024854,Tundra,Toyota,BY,Nyakhachava,1GYFC23219R024854
5,2G4WB55K211875450,NV2500,Nissan,BY,Nyakhachava,2G4WB55K211875450
5,2HNYD18401H749778,Navigator,Lincoln,BY,Nyakhachava,2HNYD18401H749778
5,3C3CFFCR3CT171989,"Ram 2500 Club",Dodge,BY,Nyakhachava,3C3CFFCR3CT171989
5,3C4PDDDG3ET586334,Venture,Chevrolet,BY,Nyakhachava,NULL
5,3C6TD4MT7CG053363,TrailBlazer,Chevrolet,BY,Nyakhachava,NULL
5,3D7TT2CT9BG936693,"Suburban 2500",Chevrolet,BY,Nyakhachava,3D7TT2CT9BG936693
5,5GADT13S952457138,Avanti,Studebaker,BY,Nyakhachava,5GADT13S952457138
5,5N1AA0ND6FN478489,GTO,Pontiac,BY,Nyakhachava,5N1AA0ND6FN478489
5,5N1AR2MM4EC085798,B-Series,Mazda,BY,Nyakhachava,NULL
5,5NPEB4AC8CH866634,F150,Ford,BY,Nyakhachava,5NPEB4AC8CH866634
5,JA32X8HW2AU877237,Galant,Mitsubishi,BY,Nyakhachava,JA32X8HW2AU877237
5,JH4NA12693T113974,Edge,Ford,BY,Nyakhachava,JH4NA12693T113974
5,JM1DE1HY5B0081406,E-Series,Ford,BY,Nyakhachava,NULL
5,SAJWA0FB1BL879060,"Escalade EXT",Cadillac,BY,Nyakhachava,SAJWA0FB1BL879060
5,WA1WGAFP1DA823207,Impreza,Subaru,BY,Nyakhachava,NULL
5,WA1YD54B85N967556,Roadmaster,Buick,BY,Nyakhachava,NULL
5,WAUHF78P68A585889,Veyron,Bugatti,BY,Nyakhachava,WAUHF78P68A585889
5,WAUUL98E66A279838,S60,Volvo,BY,Nyakhachava,WAUUL98E66A279838
5,WAUVFAFR7CA336904,"Explorer Sport Trac",Ford,BY,Nyakhachava,WAUVFAFR7CA336904
5,WBA3T1C55FP519401,Touareg,Volkswagen,BY,Nyakhachava,NULL
5,WBANE53517B969913,GLC,Mazda,BY,Nyakhachava,WBANE53517B969913
6,19UUA8F52CA504890,"Silverado 3500",Chevrolet,ID,Mojokerto,19UUA8F52CA504890
6,1FBAX2CM4FK354144,"Suburban 2500",GMC,ID,Mojokerto,1FBAX2CM4FK354144
6,1G6AB5RA6F0121697,S-Series,Saturn,ID,Mojokerto,1G6AB5RA6F0121697
6,1GYS4NKJ6FR330255,Dakota,Dodge,ID,Mojokerto,NULL
6,1N4AL2AP5AC284704,SL-Class,Mercedes-Benz,ID,Mojokerto,1N4AL2AP5AC284704
6,1N6BF0KL3FN743131,Sable,Mercury,ID,Mojokerto,1N6BF0KL3FN743131
6,2FMGK5D80FB455243,M-Class,Mercedes-Benz,ID,Mojokerto,2FMGK5D80FB455243
6,2T2BK1BA9BC159389,Tucson,Hyundai,ID,Mojokerto,2T2BK1BA9BC159389
6,4JGDF2EE9DA361030,"Jetta III",Volkswagen,ID,Mojokerto,4JGDF2EE9DA361030
6,5FNYF3H44FB639163,Q7,Audi,ID,Mojokerto,NULL
6,5N1AA0NEXFN090996,"Ram 1500",Dodge,ID,Mojokerto,NULL
6,JA4AP3AU2BZ448381,Continental,Bentley,ID,Mojokerto,JA4AP3AU2BZ448381
6,JM1NC2LF2E0871398,"Continental Super",Bentley,ID,Mojokerto,JM1NC2LF2E0871398
6,SCBLF44JX9C766659,"Ram 1500",Dodge,ID,Mojokerto,NULL
6,TRUUT28N011977774,Galant,Mitsubishi,ID,Mojokerto,NULL
6,WAUEF98E58A254802,Continental,Bentley,ID,Mojokerto,NULL
6,WAULT68E03A534408,"Econoline E350",Ford,ID,Mojokerto,NULL
6,WAUXG74F09N936604,Aurora,Oldsmobile,ID,Mojokerto,WAUXG74F09N936604
6,YV1612FH9D2641071,"Ram 3500",Dodge,ID,Mojokerto,NULL
7,1D7CW3GKXAS673183,Sienna,Toyota,BR,"Ponte Nova",1D7CW3GKXAS673183
7,1FTSW2B53AE021793,Rendezvous,Buick,BR,"Ponte Nova",NULL
7,1G4PP5SK6D4158889,Boxster,Porsche,BR,"Ponte Nova",NULL
7,1G6DK1ED3B0968998,"Ram 3500",Dodge,BR,"Ponte Nova",1G6DK1ED3B0968998
7,1GD21XEG2FZ306010,DeVille,Cadillac,BR,"Ponte Nova",1GD21XEG2FZ306010
7,2C3CCAAG6DH551514,DeVille,Cadillac,BR,"Ponte Nova",NULL
7,2C3CCAJT0CH785840,"Ram 3500",Dodge,BR,"Ponte Nova",2C3CCAJT0CH785840
7,2G4GS5EKXC9898791,Escalade,Cadillac,BR,"Ponte Nova",NULL
7,2G61W5S89E9182784,Q7,Audi,BR,"Ponte Nova",NULL
7,5GADV23W87D438509,C70,Volvo,BR,"Ponte Nova",5GADV23W87D438509
7,JTEBU5JR5D5814771,DeVille,Cadillac,BR,"Ponte Nova",NULL
7,WBABD53446P240061,FX,Infiniti,BR,"Ponte Nova",WBABD53446P240061
7,WBAUT9C59AA104046,Escort,Ford,BR,"Ponte Nova",NULL
7,WP0AB2A97AS051086,525,BMW,BR,"Ponte Nova",WP0AB2A97AS051086
8,1FTEW1C81AK491211,911,Porsche,TH,Yasothon,1FTEW1C81AK491211
8,1G6DF5EY3B0111174,Impala,Chevrolet,TH,Yasothon,NULL
8,1HGCP2E47AA234410,Precis,Mitsubishi,TH,Yasothon,1HGCP2E47AA234410
8,2V4RW3DGXBR652153,Prius,Toyota,TH,Yasothon,NULL
8,3N1CE2CP2EL723347,GX,Lexus,TH,Yasothon,3N1CE2CP2EL723347
8,3VW4S7AT7EM739865,Edge,Ford,TH,Yasothon,NULL
8,4T1BK3DBXAU369213,Cavalier,Chevrolet,TH,Yasothon,4T1BK3DBXAU369213
8,5FRYD4H67FB162725,XL-7,Suzuki,TH,Yasothon,NULL
8,5UXFA135X4L356141,"Sierra 1500",GMC,TH,Yasothon,NULL
8,JHMZE2H56DS133326,Corvette,Chevrolet,TH,Yasothon,NULL
8,JN1AZ4EH6BM720255,VUE,Saturn,TH,Yasothon,JN1AZ4EH6BM720255
8,JTEBU5JR9A5647682,Pilot,Honda,TH,Yasothon,JTEBU5JR9A5647682
8,KNAGM4AD8F5783279,"B9 Tribeca",Subaru,TH,Yasothon,NULL
8,WA1LFBFP5CA749641,Firebird,Pontiac,TH,Yasothon,WA1LFBFP5CA749641
8,WAUDFAFL3CN093270,Probe,Ford,TH,Yasothon,NULL
8,WAUDG58E35A253824,Optima,Kia,TH,Yasothon,NULL
8,WAUMR44E17N841470,"Econoline E250",Ford,TH,Yasothon,WAUMR44E17N841470
8,WAUMV94E29N758268,Tredia,Mitsubishi,TH,Yasothon,WAUMV94E29N758268
8,WBA1F5C51EV340854,Vantage,"Aston Martin",TH,Yasothon,NULL
8,WP0AA2A9XES460188,"Impala SS",Chevrolet,TH,Yasothon,WP0AA2A9XES460188
9,1G6DK8EG8A0416804,"Silverado 2500",Chevrolet,CY,Kti,1G6DK8EG8A0416804
9,1G6DS5E39D0543450,Touareg,Volkswagen,CY,Kti,1G6DS5E39D0543450
9,1GYFK16229R228930,S60,Volvo,CY,Kti,1GYFK16229R228930
9,1GYS4DEF7DR217123,Nubira,Daewoo,CY,Kti,1GYS4DEF7DR217123
9,1ZVBP8ANXA5745319,Cube,Nissan,CY,Kti,NULL
9,3D7TP2CT5BG109469,Q7,Audi,CY,Kti,NULL
9,JH4CW2H51DC084890,400E,Mercedes-Benz,CY,Kti,NULL
9,SCBBR9ZA0DC321591,Blazer,Chevrolet,CY,Kti,NULL
9,WAUEH64B31N509837,Astro,Chevrolet,CY,Kti,WAUEH64B31N509837
9,WBA3N7C53FK654435,XF,Jaguar,CY,Kti,WBA3N7C53FK654435
9,WBABW53474P086680,LFA,Lexus,CY,Kti,NULL
9,WBAVM5C55DV091349,E-Class,Mercedes-Benz,CY,Kti,WBAVM5C55DV091349
9,WBAYA6C52FD433280,TT,Audi,CY,Kti,WBAYA6C52FD433280
9,WP0AA2A98CS115044,Torino,Ford,CY,Kti,WP0AA2A98CS115044
9,WUARL48H49K874825,Rio,Kia,CY,Kti,NULL
9,WVWED7AJ2BW700953,SC,Lexus,CY,Kti,NULL
10,1D4PU2GK8BW222388,RAV4,Toyota,MX,Reforma,NULL
10,1G6DX67D880612874,Explorer,Ford,MX,Reforma,1G6DX67D880612874
10,3D73Y3CL1BG373825,Phaeton,Volkswagen,MX,Reforma,NULL
10,3GYFK66N55G408016,Milan,Mercury,MX,Reforma,3GYFK66N55G408016
10,3GYFNJE4XAS280432,Tempo,Ford,MX,Reforma,NULL
10,3MZBM1K74EM067005,Q5,Audi,MX,Reforma,NULL
10,JM1NC2PF9F0554861,Corvette,Chevrolet,MX,Reforma,JM1NC2PF9F0554861
10,JTDKN3DU9B0471673,CL,Acura,MX,Reforma,NULL
10,SCBBB7ZH6BC912530,SJ,Suzuki,MX,Reforma,NULL
10,SCFFDAAE7BG989120,Pajero,Mitsubishi,MX,Reforma,NULL
10,WA1VFBFL5DA860617,Camaro,Chevrolet,MX,Reforma,NULL
10,WAUAF78E28A790724,Sorento,Kia,MX,Reforma,NULL
10,WAUDF98EX6A675780,Sportage,Kia,MX,Reforma,WAUDF98EX6A675780
10,WAUDL94F96N369895,S90,Volvo,MX,Reforma,NULL
10,WAUEH78E47A360591,745,BMW,MX,Reforma,WAUEH78E47A360591
10,WAULV94E69N012353,MR2,Toyota,MX,Reforma,WAULV94E69N012353
10,WBAEV33463K838532,G6,Pontiac,MX,Reforma,WBAEV33463K838532
10,WBAKB83579C667391,Golf,Volkswagen,MX,Reforma,NULL
10,WBAUN7C5XCV668718,M3,BMW,MX,Reforma,NULL
10,WBAYE4C51DD949698,Impreza,Subaru,MX,Reforma,WBAYE4C51DD949698
10,WBS3U9C50FJ719208,"2500 Club Coupe",GMC,MX,Reforma,NULL
10,WDDLJ9BB3FA959642,850,Volvo,MX,Reforma,NULL
11,19UUA66238A137161,Riviera,Buick,RU,Shumyachi,19UUA66238A137161
11,1C4NJCBA5FD005433,"Suburban 2500",GMC,RU,Shumyachi,NULL
11,1FAHP3E2XCL695638,"Santa Fe",Hyundai,RU,Shumyachi,1FAHP3E2XCL695638
11,1G4GC5ER7DF797971,Caravan,Dodge,RU,Shumyachi,NULL
11,1G6AF5S35D0253542,SLX,Acura,RU,Shumyachi,NULL
11,1G6KD54Y55U047960,Cabriolet,Volkswagen,RU,Shumyachi,1G6KD54Y55U047960
11,2G4WS55J051291559,Aerio,Suzuki,RU,Shumyachi,2G4WS55J051291559
11,3D73M3CL4BG939956,Sunfire,Pontiac,RU,Shumyachi,3D73M3CL4BG939956
11,3D73M4EL0BG763717,Sunbird,Pontiac,RU,Shumyachi,3D73M4EL0BG763717
11,5N1BA0NC7FN770664,GT,Ford,RU,Shumyachi,NULL
11,JN1BY1AR5EM097056,"Grand Cherokee",Jeep,RU,Shumyachi,NULL
11,JTDBT4K39B1888419,"C8 Spyder Wide Body",Spyker,RU,Shumyachi,JTDBT4K39B1888419
11,SALGR2VF5EA364969,"Defender 90","Land Rover",RU,Shumyachi,NULL
11,SCBLC37F25C294557,9000,Saab,RU,Shumyachi,NULL
11,SCFEBBBC7AG330408,Discovery,"Land Rover",RU,Shumyachi,SCFEBBBC7AG330408
11,WAU4FAFR3AA846305,Accord,Honda,RU,Shumyachi,NULL
11,WAUJC58E62A199378,Monza,Chevrolet,RU,Shumyachi,NULL
11,WAUMF98K09A051836,M,Infiniti,RU,Shumyachi,NULL
11,WAUSF98E08A638649,Legacy,Subaru,RU,Shumyachi,WAUSF98E08A638649
11,WAUVT64B73N732660,S-Series,Saturn,RU,Shumyachi,NULL
11,WBA3C3C53DF622220,"Yukon XL 1500",GMC,RU,Shumyachi,NULL
11,WBAGL63535D237465,"New Beetle",Volkswagen,RU,Shumyachi,WBAGL63535D237465
11,WBAWB3C59AP772970,Aspire,Ford,RU,Shumyachi,NULL
11,YV1382MW6A2721231,"Savana 1500",GMC,RU,Shumyachi,NULL
12,19XFA1E33AE000387,S80,Volvo,ID,"Banjar Bongangede",NULL
12,1FTMF1EW6AF154209,"HHR Panel",Chevrolet,ID,"Banjar Bongangede",NULL
12,1G6KF579X5U939541,Mazda3,Mazda,ID,"Banjar Bongangede",NULL
12,1N4AB7AP4EN886441,Marquis,Mercury,ID,"Banjar Bongangede",NULL
12,1N4AL3AP1EC713008,Sonata,Hyundai,ID,"Banjar Bongangede",1N4AL3AP1EC713008
12,3C3CFFCR8FT736466,"Grand Prix",Pontiac,ID,"Banjar Bongangede",NULL
12,3D73Y4CL5BG082167,Vega,Chevrolet,ID,"Banjar Bongangede",3D73Y4CL5BG082167
12,3N1CE2CP2FL363157,Discovery,"Land Rover",ID,"Banjar Bongangede",NULL
12,5FRYD3H48GB172402,MX-6,Mazda,ID,"Banjar Bongangede",NULL
12,5FRYD4H6XGB549819,Maxima,Nissan,ID,"Banjar Bongangede",NULL
12,JH4CU2E82EC686803,Stylus,Isuzu,ID,"Banjar Bongangede",NULL
12,JTHBL5EF0F1441378,Crossfire,Chrysler,ID,"Banjar Bongangede",JTHBL5EF0F1441378
12,KM8NU4CC7AU777059,Familia,Mazda,ID,"Banjar Bongangede",KM8NU4CC7AU777059
12,KMHGH4JH6DU232065,V8,Audi,ID,"Banjar Bongangede",KMHGH4JH6DU232065
12,WA1CFAFP2CA054317,Equator,Suzuki,ID,"Banjar Bongangede",NULL
12,WAUKFBFL0BA717965,"Grand Prix",Pontiac,ID,"Banjar Bongangede",WAUKFBFL0BA717965
12,WAULFAFH4EN256356,Coachbuilder,Buick,ID,"Banjar Bongangede",NULL
12,WBADW7C58BE572369,H1,Hummer,ID,"Banjar Bongangede",WBADW7C58BE572369
12,WBAFU7C51CD562501,TT,Audi,ID,"Banjar Bongangede",WBAFU7C51CD562501
12,WDDHF8JB9DA153076,Villager,Mercury,ID,"Banjar Bongangede",WDDHF8JB9DA153076
13,19UUA8F22CA833658,Edge,Ford,CN,Rentian,19UUA8F22CA833658
13,1C4RDHEG9CC785542,S-Class,Mercedes-Benz,CN,Rentian,1C4RDHEG9CC785542
13,1FMJK1HT2FE492246,CR-V,Honda,CN,Rentian,1FMJK1HT2FE492246
13,1G6KH5EY5AU757440,SLK-Class,Mercedes-Benz,CN,Rentian,1G6KH5EY5AU757440
13,1GKUCHE07AR064585,Camry,Toyota,CN,Rentian,NULL
13,2C3CCACG6CH030093,L-Series,Saturn,CN,Rentian,NULL
13,3VWML7AJ1DM047904,Solara,Toyota,CN,Rentian,NULL
13,5FRYD3H69EB485733,"Grand Voyager",Plymouth,CN,Rentian,5FRYD3H69EB485733
13,5N1AT2ML6FC006075,A6,Audi,CN,Rentian,5N1AT2ML6FC006075
13,5N1BA0NE2FN239454,S-Class,Mercedes-Benz,CN,Rentian,NULL
13,5XYZG3AB4BG806165,Focus,Ford,CN,Rentian,NULL
13,JH4KB16557C841654,"2500 Club Coupe",GMC,CN,Rentian,NULL
13,JTDKTUD31DD673695,Excel,Hyundai,CN,Rentian,NULL
13,JTDZN3EU8D3697377,MKX,Lincoln,CN,Rentian,JTDZN3EU8D3697377
13,KMHCT4AE3EU378878,Ascender,Isuzu,CN,Rentian,KMHCT4AE3EU378878
13,SALVP2BG8EH970087,Prius,Toyota,CN,Rentian,SALVP2BG8EH970087
13,SCBLC37F54C966531,Yukon,GMC,CN,Rentian,NULL
13,WA1LGAFE1CD371340,MX-5,Mazda,CN,Rentian,NULL
13,WAUEH78E46A006634,Cavalier,Chevrolet,CN,Rentian,WAUEH78E46A006634
13,WAUFGAFC3FN081288,X5,BMW,CN,Rentian,NULL
13,WAUML54B33N152585,A5,Audi,CN,Rentian,NULL
13,WP0AB2A88FK002378,Impreza,Subaru,CN,Rentian,NULL
14,19VDE3F34DE555576,G37,Infiniti,ID,Lhoknga,19VDE3F34DE555576
14,1C4AJWAG6FL807663,E-Class,Mercedes-Benz,ID,Lhoknga,1C4AJWAG6FL807663
14,1D4PT5GK9BW212280,Classic,Chevrolet,ID,Lhoknga,1D4PT5GK9BW212280
14,1FMCU0E70AK344532,CX-7,Mazda,ID,Lhoknga,1FMCU0E70AK344532
14,1FTWW3A51AE216817,CL,Acura,ID,Lhoknga,NULL
14,1G6DK1E36D0256544,Reatta,Buick,ID,Lhoknga,NULL
14,1G6DM577680352777,"B-Series Plus",Mazda,ID,Lhoknga,1G6DM577680352777
14,1N6AA0CJ7EN320591,"B-Series Plus",Mazda,ID,Lhoknga,1N6AA0CJ7EN320591
14,2C3CDZBT6FH095931,Outback,Subaru,ID,Lhoknga,NULL
14,2HNYD284X7H767364,Outback,Subaru,ID,Lhoknga,2HNYD284X7H767364
14,3FA6P0D98DR094929,F250,Ford,ID,Lhoknga,3FA6P0D98DR094929
14,5UXFA93536L705481,TT,Audi,ID,Lhoknga,5UXFA93536L705481
14,5UXFE4C5XAL964646,Legend,Acura,ID,Lhoknga,NULL
14,JN1CV6FE2CM267550,Optima,Kia,ID,Lhoknga,JN1CV6FE2CM267550
14,JTDKTUD34DD401173,Sprinter,Mercedes-Benz,ID,Lhoknga,JTDKTUD34DD401173
14,NM0KS9AN4AT130605,Forester,Subaru,ID,Lhoknga,NM0KS9AN4AT130605
14,WAUBG78E66A880442,"Explorer Sport",Ford,ID,Lhoknga,NULL
14,WAUDG68E45A372827,G8,Pontiac,ID,Lhoknga,NULL
14,WAUEFAFLXFN892908,"Monte Carlo",Chevrolet,ID,Lhoknga,WAUEFAFLXFN892908
14,WAUEH98E76A478418,Avanti,Studebaker,ID,Lhoknga,NULL
14,WAULFAFH9BN745640,"Jetta III",Volkswagen,ID,Lhoknga,WAULFAFH9BN745640
14,WAUUL68E95A840918,Verona,Suzuki,ID,Lhoknga,WAUUL68E95A840918
14,WBAKB4C54CC430552,4Runner,Toyota,ID,Lhoknga,WBAKB4C54CC430552
14,WBAVA33547P651108,Legend,Acura,ID,Lhoknga,NULL
14,WDDHF5KB4FB184732,Mustang,Ford,ID,Lhoknga,WDDHF5KB4FB184732
14,WDDLJ6FB4FA098870,RAV4,Toyota,ID,Lhoknga,WDDLJ6FB4FA098870
14,WVGAV7AX9AW285513,SLK-Class,Mercedes-Benz,ID,Lhoknga,NULL
15,1D7RW3GK7AS196657,"Park Avenue",Buick,CZ,Brasy,NULL
15,1FMJK1H59BE019830,"3 Series",BMW,CZ,Brasy,1FMJK1H59BE019830
15,1FT7W2A69EE029869,Express,Chevrolet,CZ,Brasy,1FT7W2A69EE029869
15,1G6AG5RX3D0651032,Forester,Subaru,CZ,Brasy,1G6AG5RX3D0651032
15,1N4AL3AP5DC696261,Chevette,Pontiac,CZ,Brasy,1N4AL3AP5DC696261
15,1N6AD0CUXEN900726,Maxima,Nissan,CZ,Brasy,1N6AD0CUXEN900726
15,2C3CDXJG9FH684951,MX-5,Mazda,CZ,Brasy,2C3CDXJG9FH684951
15,2G4GL5EX3F9715518,"8 Series",BMW,CZ,Brasy,2G4GL5EX3F9715518
15,2G61M5S32F9260107,ES,Lexus,CZ,Brasy,2G61M5S32F9260107
15,2G61V5S86E9312314,Rio,Kia,CZ,Brasy,NULL
15,3D7LP2ET7AG219094,Rainier,Buick,CZ,Brasy,3D7LP2ET7AG219094
15,4T1BK3DB7AU132257,Rondo,Kia,CZ,Brasy,4T1BK3DB7AU132257
15,JH4DC23171S533055,X-Type,Jaguar,CZ,Brasy,NULL
15,JN1CV6EK7BM718591,IS,Lexus,CZ,Brasy,NULL
15,WA1VMBFP4EA590421,Cavalier,Chevrolet,CZ,Brasy,NULL
15,WAUDH78E58A934421,Express,Chevrolet,CZ,Brasy,WAUDH78E58A934421
15,WAUUL78E45A959367,"Miata MX-5",Mazda,CZ,Brasy,WAUUL78E45A959367
15,WBA3T1C56EP741847,C70,Volvo,CZ,Brasy,WBA3T1C56EP741847
15,WBALW7C59CC891966,Tiburon,Hyundai,CZ,Brasy,WBALW7C59CC891966
15,WBAVM1C51EV769346,Accent,Hyundai,CZ,Brasy,NULL
15,WVWAN7AN8EE448781,"Ram Van 3500",Dodge,CZ,Brasy,WVWAN7AN8EE448781
15,YV126MFJ5F1975542,Torino,Ford,CZ,Brasy,NULL
16,1FMEU5BE2AU021175,"RS 4",Audi,SE,Bors,NULL
16,1FTEW1CM6CF173111,Amigo,Isuzu,SE,Bors,NULL
16,1G4HP54K454944497,88,Oldsmobile,SE,Bors,NULL
16,1GT01XEG2FZ694240,GTI,Volkswagen,SE,Bors,1GT01XEG2FZ694240
16,1N6AA0CA0CN186861,Metro,Geo,SE,Bors,NULL
16,2C3CDXCT9CH407559,Starion,Mitsubishi,SE,Bors,NULL
16,3C6JD6DK7CG385569,"V8 Vantage S","Aston Martin",SE,Bors,3C6JD6DK7CG385569
16,3GYT4NEF7BG203259,Regal,Buick,SE,Bors,3GYT4NEF7BG203259
16,3N1AB7AP6FL280475,550,BMW,SE,Bors,3N1AB7AP6FL280475
16,3N1CN7AP5DL509791,E150,Ford,SE,Bors,NULL
16,5FRYD3H95GB352450,Passat,Volkswagen,SE,Bors,5FRYD3H95GB352450
16,5J8TB3H3XEL560929,Galant,Mitsubishi,SE,Bors,5J8TB3H3XEL560929
16,JN1CV6EK6DM097864,Citation,Chevrolet,SE,Bors,NULL
16,JN8AZ2KR8DT549925,"Navigator L",Lincoln,SE,Bors,JN8AZ2KR8DT549925
16,JTMHY7AJ7E4951159,M,Infiniti,SE,Bors,JTMHY7AJ7E4951159
16,SALSF2D49CA630834,"Miata MX-5",Mazda,SE,Bors,NULL
16,SCFAB05D49G734320,"Esprit Turbo",Lotus,SE,Bors,NULL
16,WA1LFAFP0BA906565,Skylark,Buick,SE,Bors,WA1LFAFP0BA906565
16,WAUEFBFL3BN784565,"Express 3500",Chevrolet,SE,Bors,WAUEFBFL3BN784565
16,WAULT58E32A001266,Ranger,Ford,SE,Bors,WAULT58E32A001266
16,WBAVB13506K945828,9-5,Saab,SE,Bors,NULL
16,WVWAP7AN7DE324865,Ranger,Ford,SE,Bors,NULL
17,1C4PJLAB5FW426446,"Mighty Max",Mitsubishi,MA,Taouloukoult,NULL
17,1C4SDJCT1CC221912,Mustang,Ford,MA,Taouloukoult,NULL
17,1FTSW3A53AE527289,Alero,Oldsmobile,MA,Taouloukoult,1FTSW3A53AE527289
17,1G6DN8EV8A0928634,"XK Series",Jaguar,MA,Taouloukoult,NULL
17,1G6KD5EY7AU425236,911,Porsche,MA,Taouloukoult,NULL
17,2G4WD532X51084053,"G-Series G10",Chevrolet,MA,Taouloukoult,NULL
17,5TDDK3DC3CS862874,"Range Rover Sport","Land Rover",MA,Taouloukoult,NULL
17,KMHD35LH2FU501525,"Silverado 1500",Chevrolet,MA,Taouloukoult,NULL
17,SALCP2BGXFH587499,"Yukon XL 2500",GMC,MA,Taouloukoult,SALCP2BGXFH587499
17,WA1EY74L97D057113,Sedona,Kia,MA,Taouloukoult,NULL
17,WAUHF98P69A807652,Navigator,Lincoln,MA,Taouloukoult,WAUHF98P69A807652
17,WBAGH03491D897493,"Mark VIII",Lincoln,MA,Taouloukoult,WBAGH03491D897493
17,WBAVB73587V582830,"Express 1500",Chevrolet,MA,Taouloukoult,NULL
17,WBAXH5C56DD552450,Focus,Ford,MA,Taouloukoult,WBAXH5C56DD552450
17,WBAYE4C57FD107323,Stratus,Dodge,MA,Taouloukoult,WBAYE4C57FD107323
17,WBSBR93416P380945,Equinox,Chevrolet,MA,Taouloukoult,WBSBR93416P380945
17,YV1902FH8D1035637,S-Type,Jaguar,MA,Taouloukoult,YV1902FH8D1035637
18,1FTEX1EW4AK395484,Soul,Kia,CN,Henanan,1FTEX1EW4AK395484
18,1GD22XEG7FZ669030,"E-350 Super Duty Van",Ford,CN,Henanan,NULL
18,1GYS3KEF6DR579290,F350,Ford,CN,Henanan,1GYS3KEF6DR579290
18,1J4RR4GG6BC912957,Veracruz,Hyundai,CN,Henanan,NULL
18,1N4AL3AP5DC719294,Altima,Nissan,CN,Henanan,1N4AL3AP5DC719294
18,3C3CFFCRXET920659,Sonata,Hyundai,CN,Henanan,3C3CFFCRXET920659
18,4JGDF2EE7EA427236,Aztek,Pontiac,CN,Henanan,4JGDF2EE7EA427236
18,5N1AA0NC4AN455082,Mountaineer,Mercury,CN,Henanan,NULL
18,5UXFE83508L419749,Forenza,Suzuki,CN,Henanan,5UXFE83508L419749
18,JHMGE8G3XDC930747,Skyhawk,Buick,CN,Henanan,JHMGE8G3XDC930747
18,JN8AE2KP1D9354143,GTI,Volkswagen,CN,Henanan,NULL
18,NM0KS7AN2AT885403,Express,Chevrolet,CN,Henanan,NM0KS7AN2AT885403
18,TRUB3AFK4C1750472,Venture,Chevrolet,CN,Henanan,NULL
18,WAUFFAFC4DN457125,"7 Series",BMW,CN,Henanan,NULL
18,WAUMFAFR3FA595809,Veracruz,Hyundai,CN,Henanan,WAUMFAFR3FA595809
19,19UUA8F50DA696490,Achieva,Oldsmobile,UA,Tomakivka,19UUA8F50DA696490
19,3CZRE3H33AG472743,SLK-Class,Mercedes-Benz,UA,Tomakivka,3CZRE3H33AG472743
19,3D73M4CL3AG152856,Talon,Eagle,UA,Tomakivka,3D73M4CL3AG152856
19,3D7LT2ETXAG527257,Endeavor,Mitsubishi,UA,Tomakivka,NULL
19,5J6TF2H55DL167282,GS,Lexus,UA,Tomakivka,5J6TF2H55DL167282
19,JN8AS5MT0BW769666,S-Type,Jaguar,UA,Tomakivka,JN8AS5MT0BW769666
19,KMHTC6AD2EU291766,Murano,Nissan,UA,Tomakivka,NULL
19,SALAF2D43AA789776,"Grand Marquis",Mercury,UA,Tomakivka,SALAF2D43AA789776
19,TRUUT28N421450628,Allroad,Audi,UA,Tomakivka,NULL
19,WA1VGBFP7EA096707,SLK-Class,Mercedes-Benz,UA,Tomakivka,WA1VGBFP7EA096707
19,WAUAF78E35A601946,"Mark VIII",Lincoln,UA,Tomakivka,NULL
19,WAUML44E84N017267,"Miata MX-5",Mazda,UA,Tomakivka,WAUML44E84N017267
19,WBALL5C53CE587629,ES,Lexus,UA,Tomakivka,WBALL5C53CE587629
19,WDDHF0EB5EB603281,R-Class,Mercedes-Benz,UA,Tomakivka,WDDHF0EB5EB603281
19,YV4902DZ0E2270107,"SLK55 AMG",Mercedes-Benz,UA,Tomakivka,YV4902DZ0E2270107
20,1FADP5AU3DL398472,"7 Series",BMW,ID,Jumpangdua,1FADP5AU3DL398472
20,1G6AZ5S3XE0226104,Discovery,"Land Rover",ID,Jumpangdua,1G6AZ5S3XE0226104
20,3VW4T7AT2EM114447,Corvette,Chevrolet,ID,Jumpangdua,NULL
20,5TDBCRFH1FS298887,RL,Acura,ID,Jumpangdua,5TDBCRFH1FS298887
20,5UXFB53525L975676,"Grand Marquis",Mercury,ID,Jumpangdua,NULL
20,JHMFA3F29BS815563,tC,Scion,ID,Jumpangdua,JHMFA3F29BS815563
20,JN8AE2KP9D9424794,400E,Mercedes-Benz,ID,Jumpangdua,JN8AE2KP9D9424794
20,TRUWX28N721737796,Pajero,Mitsubishi,ID,Jumpangdua,NULL
20,WA1BV74L08D502206,Sidekick,Suzuki,ID,Jumpangdua,NULL
20,WAUBH78EX6A731061,Veracruz,Hyundai,ID,Jumpangdua,WAUBH78EX6A731061
20,WAUDF78E16A492465,Aura,Saturn,ID,Jumpangdua,NULL
20,WBA3A5G57FN159096,"Sportvan G10",Chevrolet,ID,Jumpangdua,WBA3A5G57FN159096
20,WBAKF3C53CE629322,E350,Ford,ID,Jumpangdua,NULL
20,WUADUAFG9CN830227,Elantra,Hyundai,ID,Jumpangdua,WUADUAFG9CN830227
21,19UUA66206A773792,Civic,Honda,CN,Houjia,NULL
21,1D4RD2GG8BC854832,Sprinter,Mercedes-Benz,CN,Houjia,NULL
21,1FMNE1BW4AD275131,S-Class,Mercedes-Benz,CN,Houjia,1FMNE1BW4AD275131
21,1G4GE5G30EF382124,Fit,Honda,CN,Houjia,NULL
21,1G6KF54984U288574,Forenza,Suzuki,CN,Houjia,1G6KF54984U288574
21,1N6AA0CC4CN697149,"3 Series",BMW,CN,Houjia,1N6AA0CC4CN697149
21,3C6JD7EP8CG289031,"Town & Country",Chrysler,CN,Houjia,NULL
21,3C6LD4BT0CG990235,Tacoma,Toyota,CN,Houjia,3C6LD4BT0CG990235
21,3D4PG6FV1AT098785,911,Porsche,CN,Houjia,3D4PG6FV1AT098785
21,3D7TT2CT6AG387839,"Club Wagon",Ford,CN,Houjia,3D7TT2CT6AG387839
21,5UXFE43599L176114,Silverado,Chevrolet,CN,Houjia,5UXFE43599L176114
21,JH4KC1F78EC384754,RX-8,Mazda,CN,Houjia,NULL
21,JTDKDTB38D1464577,S4,Audi,CN,Houjia,JTDKDTB38D1464577
21,JTDKN3DP9C3270124,RAV4,Toyota,CN,Houjia,NULL
21,KMHCT4AE5FU865727,"Explorer Sport Trac",Ford,CN,Houjia,NULL
21,KNADH5A34A6504076,Eclipse,Mitsubishi,CN,Houjia,NULL
21,SCFBF04B77G720546,57,Maybach,CN,Houjia,NULL
21,TRUVD38J791029324,Cressida,Toyota,CN,Houjia,TRUVD38J791029324
21,WAUAFAFHXDN375888,Elise,Lotus,CN,Houjia,WAUAFAFHXDN375888
21,WAUEFBFL2CN415956,Fusion,Ford,CN,Houjia,NULL
21,WAUEKBFB7BN326028,G,Infiniti,CN,Houjia,NULL
21,WAUFGAFC2EN672467,Corolla,Toyota,CN,Houjia,NULL
21,WBA5A7C54FD377528,S-Class,Mercedes-Benz,CN,Houjia,WBA5A7C54FD377528
21,WBAWV53529P437709,Brooklands,Bentley,CN,Houjia,NULL
22,19XFA1F39AE514114,Optima,Kia,RU,Pyatovskiy,NULL
22,1D7RB1CT4AS385622,Jetta,Volkswagen,RU,Pyatovskiy,NULL
22,1G6DL67A190367743,"Viper RT/10",Dodge,RU,Pyatovskiy,NULL
22,1G6DP57V080888601,"Miata MX-5",Mazda,RU,Pyatovskiy,NULL
22,1N6AA0CJ4DN487263,200SX,Nissan,RU,Pyatovskiy,NULL
22,2G4WS52JX31508004,Ranger,Ford,RU,Pyatovskiy,NULL
22,2G61L5S38E9904209,"Navigator L",Lincoln,RU,Pyatovskiy,NULL
22,3C4PDCEG8CT210203,Accord,Honda,RU,Pyatovskiy,3C4PDCEG8CT210203
22,3C6JD6CTXCG509764,Maxima,Nissan,RU,Pyatovskiy,3C6JD6CTXCG509764
22,3D7JB1ET6BG538665,Discovery,"Land Rover",RU,Pyatovskiy,NULL
22,3N6CM0KN1FK275417,4000,Audi,RU,Pyatovskiy,NULL
22,3VWC17AU4FM867411,S40,Volvo,RU,Pyatovskiy,NULL
22,5GAKVCED7CJ737297,Estate,Buick,RU,Pyatovskiy,NULL
22,5TDBW5G15BS812218,"Continental GTC",Bentley,RU,Pyatovskiy,NULL
22,5UXFA53573L424692,Insight,Honda,RU,Pyatovskiy,5UXFA53573L424692
22,5UXWX9C59E0242857,600SEL,Mercedes-Benz,RU,Pyatovskiy,NULL
22,JN1AV7AR7FM259942,Accord,Honda,RU,Pyatovskiy,JN1AV7AR7FM259942
22,KNAFU5A2XC5491001,Corolla,Toyota,RU,Pyatovskiy,KNAFU5A2XC5491001
22,SCFFDAAEXCG679688,"XJ Series",Jaguar,RU,Pyatovskiy,NULL
22,WAUDF78E78A088413,Cube,Nissan,RU,Pyatovskiy,NULL
22,WAUUFAFH7DN340433,GT-R,Nissan,RU,Pyatovskiy,WAUUFAFH7DN340433
22,WBAKE3C5XDE841588,300M,Chrysler,RU,Pyatovskiy,WBAKE3C5XDE841588
23,1FTEW1C83FK843843,Cirrus,Chrysler,JM,"Black River",NULL
23,1FTSX2A59AE046518,Cherokee,Jeep,JM,"Black River",1FTSX2A59AE046518
23,1G6AA5RX8D0696761,"Range Rover Sport","Land Rover",JM,"Black River",1G6AA5RX8D0696761
23,1G6DF8EY5B0584365,Galant,Mitsubishi,JM,"Black River",1G6DF8EY5B0584365
23,1GD12YEG2FF638562,LeSabre,Buick,JM,"Black River",NULL
23,1GTC5LF98B8414699,Mirage,Mitsubishi,JM,"Black River",NULL
23,1GYFK43539R628706,Boxster,Porsche,JM,"Black River",NULL
23,1GYS3HKJ3FR863765,STS,Cadillac,JM,"Black River",NULL
23,1N6AA0CA5DN381548,"Grand Prix",Pontiac,JM,"Black River",1N6AA0CA5DN381548
23,2HNYD18694H097457,"RS 4",Audi,JM,"Black River",2HNYD18694H097457
23,2HNYD18754H349486,Fury,Plymouth,JM,"Black River",NULL
23,3FA6P0LU4DR659523,Corvette,Chevrolet,JM,"Black River",3FA6P0LU4DR659523
23,3VWKX7AJ7CM966509,Prizm,Geo,JM,"Black River",3VWKX7AJ7CM966509
23,5N1AR2MM0DC274253,X5,BMW,JM,"Black River",NULL
23,JTDJTUD31ED997615,Defender,"Land Rover",JM,"Black River",NULL
23,JTHFE2C2XB2620445,Galant,Mitsubishi,JM,"Black River",NULL
23,SALAB2D49AA442979,Tempo,Ford,JM,"Black River",SALAB2D49AA442979
23,SCFBF03BX7G578064,Mountaineer,Mercury,JM,"Black River",NULL
23,SCFEFBBC8AG819551,"Continental GT",Bentley,JM,"Black River",NULL
23,WA1BY74LX9D514341,Camaro,Chevrolet,JM,"Black River",WA1BY74LX9D514341
23,WAUAFAFL1DN730080,"Grand Prix",Pontiac,JM,"Black River",NULL
23,WAULC58E35A826034,Bravada,Oldsmobile,JM,"Black River",WAULC58E35A826034
23,WAUWGBFC3EN540887,240SX,Nissan,JM,"Black River",NULL
23,WBAPH5G52AN960525,Spider,"Alfa Romeo",JM,"Black River",NULL
24,1FMJK1FT2FE970197,Amigo,Isuzu,ID,Terangun,NULL
24,1FTEW1CM8DF164671,LX,Lexus,ID,Terangun,NULL
24,1G4GB5ER1CF699942,Yukon,GMC,ID,Terangun,1G4GB5ER1CF699942
24,1G4GJ5G39DF908244,G,Infiniti,ID,Terangun,1G4GJ5G39DF908244
24,1G6AA5RA6E0217203,DBS,"Aston Martin",ID,Terangun,NULL
24,1G6DA1ED9B0905195,CC,Volkswagen,ID,Terangun,1G6DA1ED9B0905195
24,1G6DA67V490163477,XC90,Volvo,ID,Terangun,NULL
24,1GKS2GEJ9CR731303,Elan,Lotus,ID,Terangun,NULL
24,1VWAH7A38DC089591,QX,Infiniti,ID,Terangun,1VWAH7A38DC089591
24,2D4RN7DG2BR391818,Scirocco,Volkswagen,ID,Terangun,NULL
24,2T1KE4EE8AC398801,"Bronco II",Ford,ID,Terangun,2T1KE4EE8AC398801
24,3C3CFFER2DT963209,Forte,Kia,ID,Terangun,NULL
24,5GAEV13D19J383628,"Grand Caravan",Dodge,ID,Terangun,5GAEV13D19J383628
24,5XYKT3A67EG671235,Yaris,Toyota,ID,Terangun,5XYKT3A67EG671235
24,5YMKT6C58F0420017,Trooper,Isuzu,ID,Terangun,NULL
24,WAUJC68E32A283941,S-Type,Jaguar,ID,Terangun,WAUJC68E32A283941
24,WAUMFAFL1AA066444,A6,Audi,ID,Terangun,WAUMFAFL1AA066444
24,WAUNF78P06A890966,RX-7,Mazda,ID,Terangun,WAUNF78P06A890966
24,WBADX7C58DE285663,Firebird,Pontiac,ID,Terangun,WBADX7C58DE285663
24,WBAKP9C52FD856849,928,Porsche,ID,Terangun,WBAKP9C52FD856849
24,WBASN2C56BC022676,Neon,Dodge,ID,Terangun,NULL
24,WP0AB2A92BS390484,Vibe,Pontiac,ID,Terangun,NULL
24,WVGEF9BP5FD821837,Sable,Mercury,ID,Terangun,NULL
25,1D7RW2BK7AS840255,Supra,Toyota,ID,Leubatang,NULL
25,1G4CU541024800841,RX-7,Mazda,ID,Leubatang,NULL
25,1G4GB5GR1FF490430,S40,Volvo,ID,Leubatang,NULL
25,1G6DL67A980578879,Terrain,GMC,ID,Leubatang,1G6DL67A980578879
25,2FMPK4J96FB259993,Diablo,Lamborghini,ID,Leubatang,2FMPK4J96FB259993
25,2HNYD18813H929955,900,Saab,ID,Leubatang,2HNYD18813H929955
25,3C3CFFJH3ET362230,SLX,Acura,ID,Leubatang,NULL
25,3D73Y4EL8AG640217,i-290,Isuzu,ID,Leubatang,NULL
25,5GALVAED0AJ576667,"Express 3500",Chevrolet,ID,Leubatang,NULL
25,5TDDCRFH9FS424633,"Grand Caravan",Dodge,ID,Leubatang,NULL
25,W06VR54R11R978412,Aveo,Chevrolet,ID,Leubatang,NULL
25,WA1LGBFE1DD537735,"Sierra 3500",GMC,ID,Leubatang,WA1LGBFE1DD537735
25,WAUHGBFCXCN694096,Continental,Bentley,ID,Leubatang,WAUHGBFCXCN694096
25,WAUNF78P68A105319,Taurus,Ford,ID,Leubatang,WAUNF78P68A105319
25,WAUWGAFB3AN244621,"Range Rover","Land Rover",ID,Leubatang,NULL
25,WBANB33515C221294,88,Oldsmobile,ID,Leubatang,NULL
25,WVGAV7AX6AW863891,"Grand Marquis",Mercury,ID,Leubatang,WVGAV7AX6AW863891
26,1D7RV1GT7BS993167,Integra,Acura,PH,Busay,1D7RV1GT7BS993167
26,1G6AY5S37F0237744,Esteem,Suzuki,PH,Busay,NULL
26,1G6DN57S140180590,Corolla,Toyota,PH,Busay,NULL
26,1N6AA0CH1FN392353,4Runner,Toyota,PH,Busay,1N6AA0CH1FN392353
26,4T1BK1EB1FU619660,968,Porsche,PH,Busay,4T1BK1EB1FU619660
26,5LMJJ2H51DE111459,MDX,Acura,PH,Busay,5LMJJ2H51DE111459
26,JN8AZ2KR9AT324635,Skylark,Buick,PH,Busay,NULL
26,JN8CS1MW3FM974900,Murano,Nissan,PH,Busay,JN8CS1MW3FM974900
26,JTDJTUD3XED459933,"Sportvan G20",Chevrolet,PH,Busay,NULL
26,JTEBC3EH7B2398942,"Escalade EXT",Cadillac,PH,Busay,NULL
26,SCBZU25E51C549045,"del Sol",Honda,PH,Busay,NULL
26,SCFEBBBK7DG301728,GTO,Pontiac,PH,Busay,SCFEBBBK7DG301728
26,WA1LMAFE3FD021267,Amigo,Isuzu,PH,Busay,NULL
26,WAUBNBFB1AN339768,Metro,Geo,PH,Busay,NULL
26,WAUDH78E46A255317,Passat,Volkswagen,PH,Busay,WAUDH78E46A255317
26,WAUUL98E06A172865,E-Series,Ford,PH,Busay,NULL
26,WBAAV53411F279679,Diablo,Lamborghini,PH,Busay,WBAAV53411F279679
27,19UUA566X1A746122,H1,Hummer,KZ,Shardara,NULL
27,19UUA9F2XEA484497,Exige,Lotus,KZ,Shardara,NULL
27,1C3CCBBB0DN832563,"Savana 2500",GMC,KZ,Shardara,NULL
27,1FTEW1E89AK084265,Starion,Mitsubishi,KZ,Shardara,NULL
27,1G6DH8EY0B0005633,Navigator,Lincoln,KZ,Shardara,NULL
27,1GYS4TKJ8FR439241,F250,Ford,KZ,Shardara,1GYS4TKJ8FR439241
27,1ZVBP8AMXE5734706,Firefly,Pontiac,KZ,Shardara,NULL
27,2C4RDGDG7FR998187,"Suburban 1500",GMC,KZ,Shardara,2C4RDGDG7FR998187
27,3GYVKNEF5AG473913,B-Series,Mazda,KZ,Shardara,3GYVKNEF5AG473913
27,5UXFG8C51BL167768,"Grand Prix",Pontiac,KZ,Shardara,5UXFG8C51BL167768
27,5XYKT3A67FG552134,Firebird,Pontiac,KZ,Shardara,5XYKT3A67FG552134
27,JM1NC2JF3F0374834,GS,Lexus,KZ,Shardara,NULL
27,JM1NC2JF6B0150807,Tundra,Toyota,KZ,Shardara,NULL
27,JN1BJ0HR4EM546263,SL-Class,Mercedes-Benz,KZ,Shardara,NULL
27,JN8AZ1MU6AW679482,Frontier,Nissan,KZ,Shardara,JN8AZ1MU6AW679482
27,SCBGU3ZA5FC695036,"D150 Club",Dodge,KZ,Shardara,NULL
27,WA1WGAFP9EA953995,TundraMax,Toyota,KZ,Shardara,WA1WGAFP9EA953995
27,WA1WGBFPXEA230498,Topaz,Mercury,KZ,Shardara,NULL
27,WAUGL78E98A287792,Entourage,Hyundai,KZ,Shardara,WAUGL78E98A287792
27,WAUKF68E05A370969,Sonoma,GMC,KZ,Shardara,WAUKF68E05A370969
27,WBA3C3C58DF731501,Sable,Mercury,KZ,Shardara,NULL
27,WBAGN83545D223953,"3500 Club Coupe",GMC,KZ,Shardara,NULL
27,WBAYM1C57ED290755,Caravan,Dodge,KZ,Shardara,WBAYM1C57ED290755
28,1GKS2GEJ0BR321391,Riviera,Buick,GE,Kelasuri,NULL
28,2HNYD2H88DH620782,MKX,Lincoln,GE,Kelasuri,NULL
28,3C6TD5PT7CG006318,Tribeca,Subaru,GE,Kelasuri,3C6TD5PT7CG006318
28,3VW1K7AJ3DM433732,E-Series,Ford,GE,Kelasuri,3VW1K7AJ3DM433732
28,3VWML7AJ2DM452914,Forenza,Suzuki,GE,Kelasuri,NULL
28,4T1BD1FK9EU623642,Passport,Honda,GE,Kelasuri,4T1BD1FK9EU623642
28,5GAKRCKD5EJ416242,"Grand Am",Pontiac,GE,Kelasuri,5GAKRCKD5EJ416242
28,JM1NC2EF1A0609895,Altima,Nissan,GE,Kelasuri,JM1NC2EF1A0609895
28,JN1AZ4EHXCM513742,1500,Chevrolet,GE,Kelasuri,NULL
28,JN1CV6AP9AM414081,"Carrera GT",Porsche,GE,Kelasuri,JN1CV6AP9AM414081
28,JN1CV6EK0FM873621,Durango,Dodge,GE,Kelasuri,NULL
28,SAJWA2GZXE8390977,Envoy,GMC,GE,Kelasuri,SAJWA2GZXE8390977
28,SALSF2D47CA087130,GT500,Shelby,GE,Kelasuri,SALSF2D47CA087130
28,WAUDFAFL8EN085538,88,Oldsmobile,GE,Kelasuri,WAUDFAFL8EN085538
28,WAUYGAFC7CN145823,"Montero Sport",Mitsubishi,GE,Kelasuri,NULL
28,WBANE53506B232913,Legacy,Subaru,GE,Kelasuri,NULL
28,YV1612FHXE2189407,"Savana 2500",GMC,GE,Kelasuri,NULL
29,19UUA9F58DA678034,"Ram 2500",Dodge,SE,Floda,NULL
29,1B3AZ6JZ2AV049443,Tundra,Toyota,SE,Floda,1B3AZ6JZ2AV049443
29,1G6KD57YX9U758376,"Ram Wagon B350",Dodge,SE,Floda,1G6KD57YX9U758376
29,1GYS3DEF6ER561255,Venture,Chevrolet,SE,Floda,NULL
29,1GYS4AEF4ER129453,Corvette,Chevrolet,SE,Floda,1GYS4AEF4ER129453
29,1N6AA0CJ7DN220022,S-Class,Mercedes-Benz,SE,Floda,1N6AA0CJ7DN220022
29,3D73Y3CLXAG030784,Cultus,Suzuki,SE,Floda,NULL
29,5GAER13708J558304,"F-Series Super Duty",Ford,SE,Floda,5GAER13708J558304
29,JH4KB16648C541498,Aveo,Chevrolet,SE,Floda,JH4KB16648C541498
29,JM1DE1HY9B0828571,XC90,Volvo,SE,Floda,NULL
29,JM1NC2JF1E0886185,DeVille,Cadillac,SE,Floda,NULL
29,JTEBU5JR4E5724674,Maxima,Nissan,SE,Floda,NULL
29,NM0KS9BN6CT947222,Jetta,Volkswagen,SE,Floda,NULL
29,WAUFEBFM6BA606544,Galant,Mitsubishi,SE,Floda,WAUFEBFM6BA606544
29,WAUKFAFL7BA099019,Azure,Bentley,SE,Floda,NULL
29,WAUSGCFC8CN283761,"Mighty Max",Mitsubishi,SE,Floda,NULL
29,WAUVVAFR3CA961433,RDX,Acura,SE,Floda,WAUVVAFR3CA961433
29,WBA3A9C57EK889331,RL,Acura,SE,Floda,NULL
29,YV440MBK6F1261740,"7 Series",BMW,SE,Floda,NULL
29,YV4902NB3F1427900,Elantra,Hyundai,SE,Floda,NULL
30,1C4RDHAG1EC861960,"Suburban 1500",Chevrolet,CM,Fundong,1C4RDHAG1EC861960
30,1FA6P0G73E5364938,Envoy,GMC,CM,Fundong,1FA6P0G73E5364938
30,1LNHL9DR3BG909556,"Town Car",Lincoln,CM,Fundong,1LNHL9DR3BG909556
30,2G4WF551511174509,Yukon,GMC,CM,Fundong,NULL
30,3C6TD5JT5CG478770,"H2 SUV",Hummer,CM,Fundong,3C6TD5JT5CG478770
30,3VW517AT5FM087918,57,Maybach,CM,Fundong,3VW517AT5FM087918
30,3VWKX7AJ1CM890916,Freelander,"Land Rover",CM,Fundong,3VWKX7AJ1CM890916
30,4A31K5DFXAE518483,CR-V,Honda,CM,Fundong,4A31K5DFXAE518483
30,5GAKRBED1CJ215313,GTO,Pontiac,CM,Fundong,5GAKRBED1CJ215313
30,5J6TF2H58FL993885,Bonneville,Pontiac,CM,Fundong,5J6TF2H58FL993885
30,JTEBU4BFXCK811668,Sportage,Kia,CM,Fundong,NULL
30,SCFFBCBD2AG572445,Courier,Ford,CM,Fundong,NULL
30,WA1CKAFP3AA737569,Sentra,Nissan,CM,Fundong,NULL
30,WAUEFAFL3DA075204,"Cutlass Supreme",Oldsmobile,CM,Fundong,NULL
30,WAUEH74F47N363370,Cirrus,Chrysler,CM,Fundong,WAUEH74F47N363370
30,WAUUFAFH9DN985293,ES,Lexus,CM,Fundong,WAUUFAFH9DN985293
30,WBA5B1C5XFG765520,"T100 Xtra",Toyota,CM,Fundong,NULL
31,1C3CDFCA3DD316231,Frontier,Nissan,PL,Rozwadza,NULL
31,1D7RW3GK0BS221318,Savana,GMC,PL,Rozwadza,1D7RW3GK0BS221318
31,1FTEW1C83AK412721,928,Porsche,PL,Rozwadza,NULL
31,1G6DL1E33D0952825,Aerostar,Ford,PL,Rozwadza,NULL
31,1N6AA0CJ8DN353226,"Silverado 3500",Chevrolet,PL,Rozwadza,1N6AA0CJ8DN353226
31,1N6AD0CU3EN237967,"PT Cruiser",Chrysler,PL,Rozwadza,NULL
31,2G4GU5GV6C9953268,Odyssey,Honda,PL,Rozwadza,2G4GU5GV6C9953268
31,2HNYD18765H282057,911,Porsche,PL,Rozwadza,2HNYD18765H282057
31,5N1AT2ML0FC720218,Lucerne,Buick,PL,Rozwadza,5N1AT2ML0FC720218
31,WBAVC53598A203179,Celica,Toyota,PL,Rozwadza,WBAVC53598A203179
31,WDDGF4HB3DG539564,Phantom,Rolls-Royce,PL,Rozwadza,NULL
32,1C3BCBGG7CN000779,"PT Cruiser",Chrysler,NG,Riti,NULL
32,1D7RB1GP7AS311415,Sentra,Nissan,NG,Riti,1D7RB1GP7AS311415
32,1G4HJ5EM6AU089524,Roadster,Tesla,NG,Riti,NULL
32,1G6AL5SX5E0250752,Xtra,Toyota,NG,Riti,NULL
32,1G6DV5EP9D0806272,"Continental GT",Bentley,NG,Riti,NULL
32,1G6DX67DX90587851,Roadrunner,Plymouth,NG,Riti,NULL
32,1GYS4AEFXER131420,Xterra,Nissan,NG,Riti,1GYS4AEFXER131420
32,1N6AA0CJ2EN592594,R-Class,Mercedes-Benz,NG,Riti,1N6AA0CJ2EN592594
32,3FADP4AJ7EM395235,Escalade,Cadillac,NG,Riti,3FADP4AJ7EM395235
32,3VW1K7AJ1CM653613,Precis,Mitsubishi,NG,Riti,NULL
32,5GAKRDKD1DJ540884,Protege,Mazda,NG,Riti,NULL
32,5UXWX7C56E0327420,Cherokee,Jeep,NG,Riti,NULL
32,5YMGY0C55AL457005,300M,Chrysler,NG,Riti,5YMGY0C55AL457005
32,JH4DC54852C670519,"Savana 2500",GMC,NG,Riti,NULL
32,JHMZE2H55DS835637,Dakota,Dodge,NG,Riti,NULL
32,JM1NC2LF5F0827929,S10,Chevrolet,NG,Riti,JM1NC2LF5F0827929
32,JN1AZ4EH7DM369584,Regal,Buick,NG,Riti,JN1AZ4EH7DM369584
32,JTHKD5BH2D2731101,Sonoma,GMC,NG,Riti,NULL
32,SCFAD01A85G194003,Z8,BMW,NG,Riti,SCFAD01A85G194003
32,WAUHFBFL8DN204453,Durango,Dodge,NG,Riti,NULL
32,WBA3B5C5XDF387331,"Town Car",Lincoln,NG,Riti,NULL
32,WDDHF2EB0DA161526,Aurora,Oldsmobile,NG,Riti,WDDHF2EB0DA161526
32,WDDJK6FA8FF178395,Fusion,Ford,NG,Riti,WDDJK6FA8FF178395
33,19XFA1E82BE721054,Galant,Mitsubishi,EG,"Al Fashn",19XFA1E82BE721054
33,19XFB2F54FE126025,525,BMW,EG,"Al Fashn",19XFB2F54FE126025
33,1G4GA5EC6BF079519,DTS,Cadillac,EG,"Al Fashn",1G4GA5EC6BF079519
33,1G6DN8EV9A0927461,Sonoma,GMC,EG,"Al Fashn",1G6DN8EV9A0927461
33,3C63DPKL6CG038101,Tacoma,Toyota,EG,"Al Fashn",NULL
33,3FADP4AJ8CM070459,GX,Lexus,EG,"Al Fashn",NULL
33,3N1AB7AP8FL626848,Highlander,Toyota,EG,"Al Fashn",3N1AB7AP8FL626848
33,5J8TB3H33GL334315,"Montero Sport",Mitsubishi,EG,"Al Fashn",NULL
33,JH4DC43691S894343,"Grand Caravan",Dodge,EG,"Al Fashn",JH4DC43691S894343
33,JH4NA21614T627715,Aspire,Ford,EG,"Al Fashn",NULL
33,JTEBU5JR1D5178737,626,Mazda,EG,"Al Fashn",JTEBU5JR1D5178737
33,KMHGN4JE8FU124340,Taurus,Ford,EG,"Al Fashn",KMHGN4JE8FU124340
33,KMHHU6KJ4FU071148,GTO,Mitsubishi,EG,"Al Fashn",NULL
33,WA1AGAFE7CD888715,Familia,Mazda,EG,"Al Fashn",NULL
33,WAUJC68E52A518131,Rondo,Kia,EG,"Al Fashn",WAUJC68E52A518131
33,WAUNF68P06A415988,Pajero,Mitsubishi,EG,"Al Fashn",NULL
33,WAUUFAFH0BN179551,S10,Chevrolet,EG,"Al Fashn",WAUUFAFH0BN179551
33,WAUXD68D81A115550,Forester,Subaru,EG,"Al Fashn",NULL
33,WBA3R5C57FK052436,"4000CS Quattro",Audi,EG,"Al Fashn",WBA3R5C57FK052436
33,WP0CB2A80FS917167,SC,Lexus,EG,"Al Fashn",WP0CB2A80FS917167
33,YV1622FS2C2874670,Chariot,Mitsubishi,EG,"Al Fashn",YV1622FS2C2874670
33,ZFBCFABH5FZ853053,"del Sol",Honda,EG,"Al Fashn",NULL
34,19UUA65595A031059,"Grand Cherokee",Jeep,CN,Guxi,19UUA65595A031059
34,1N4AL2AP9BN559237,Ranger,Ford,CN,Guxi,NULL
34,2C3CCAST8CH082341,Outlander,Mitsubishi,CN,Guxi,2C3CCAST8CH082341
34,2C3CDXCT9CH673745,Corvette,Chevrolet,CN,Guxi,2C3CDXCT9CH673745
34,2T2BK1BA1FC595403,"Savana 3500",GMC,CN,Guxi,2T2BK1BA1FC595403
34,3D4PG5FV1AT907728,Tribeca,Subaru,CN,Guxi,NULL
34,3D73M4HL7AG466776,S10,Chevrolet,CN,Guxi,3D73M4HL7AG466776
34,JN1CV6FEXDM156536,Outlook,Saturn,CN,Guxi,JN1CV6FEXDM156536
34,JN8AE2KP2D9947025,Challenger,Dodge,CN,Guxi,NULL
34,SCFAD02A86G506272,GS,Lexus,CN,Guxi,NULL
34,WA1DGAFE1BD264243,Accord,Honda,CN,Guxi,NULL
34,WAUDV94F59N212248,5000S,Audi,CN,Guxi,WAUDV94F59N212248
34,WAUNE78P88A699592,"Savana 2500",GMC,CN,Guxi,NULL
34,WBAKB0C5XCC496516,Prowler,Chrysler,CN,Guxi,WBAKB0C5XCC496516
34,WBAPN7C50BF512967,SLK-Class,Mercedes-Benz,CN,Guxi,NULL
34,WBAVC535X7F823945,Cooper,MINI,CN,Guxi,NULL
34,WDDHF0EB6EB549327,"Land Cruiser",Toyota,CN,Guxi,WDDHF0EB6EB549327
34,YV140MEB0F1165353,Alero,Oldsmobile,CN,Guxi,YV140MEB0F1165353
35,137FA90361E675607,"Suburban 2500",Chevrolet,CN,Donglai,137FA90361E675607
35,1FMJK1F58AE829886,Rainier,Buick,CN,Donglai,NULL
35,1G4GD5G34FF608461,MX-5,Mazda,CN,Donglai,NULL
35,1GT01ZCGXCF461847,Mini,Austin,CN,Donglai,1GT01ZCGXCF461847
35,1GYS3AKJ2FR665282,Accent,Hyundai,CN,Donglai,NULL
35,2C3CCAEG3DH893660,SX4,Suzuki,CN,Donglai,NULL
35,5NPDH4AE3BH883142,Regency,Oldsmobile,CN,Donglai,5NPDH4AE3BH883142
35,5TDBY5G10ES777814,Relay,Saturn,CN,Donglai,NULL
35,JA4AP3AU6CZ291830,"4000CS Quattro",Audi,CN,Donglai,NULL
35,JN8AZ2NC9D9928128,F250,Ford,CN,Donglai,JN8AZ2NC9D9928128
35,KMHEC4A40DA857355,Fusion,Ford,CN,Donglai,NULL
35,KNADH5A33A6145898,Tracker,Chevrolet,CN,Donglai,KNADH5A33A6145898
35,KNDMB5C18F6305748,Ascender,Isuzu,CN,Donglai,KNDMB5C18F6305748
35,WAUDFBFC4CN986490,Cavalier,Chevrolet,CN,Donglai,NULL
35,WAUKF78P09A375635,Mirage,Mitsubishi,CN,Donglai,WAUKF78P09A375635
35,WAUMFAFH7FN619142,Sonoma,GMC,CN,Donglai,NULL
35,WAUVT54B04N059156,Sonoma,GMC,CN,Donglai,WAUVT54B04N059156
36,1C4NJCBA2ED018798,DBS,"Aston Martin",CN,Dengzhou,NULL
36,1FBNE3BL2DD156041,626,Mazda,CN,Dengzhou,1FBNE3BL2DD156041
36,1FTEX1CM8BF263680,Aveo,Chevrolet,CN,Dengzhou,1FTEX1CM8BF263680
36,1N6AA0CH1EN944979,E-Class,Mercedes-Benz,CN,Dengzhou,NULL
36,1N6AA0EC5FN531126,Bonneville,Pontiac,CN,Dengzhou,1N6AA0EC5FN531126
36,2B3CA9CV4AH675144,CL,Acura,CN,Dengzhou,NULL
36,3C6JD7CT4CG734588,xB,Scion,CN,Dengzhou,NULL
36,5N1AN0NU8BC843913,"Navigator L",Lincoln,CN,Dengzhou,NULL
36,5UXZW0C53CL218397,F150,Ford,CN,Dengzhou,5UXZW0C53CL218397
36,JN8AF5MR9DT106240,Civic,Honda,CN,Dengzhou,JN8AF5MR9DT106240
36,JTHDU1EF5B5811726,H3,Hummer,CN,Dengzhou,JTHDU1EF5B5811726
36,KNDJT2A59C7353981,Explorer,Ford,CN,Dengzhou,KNDJT2A59C7353981
36,SCFAD22363K525229,"3 Series",BMW,CN,Dengzhou,NULL
36,WAUJC68EX3A732369,Element,Honda,CN,Dengzhou,WAUJC68EX3A732369
36,WAUVC68E04A468226,1500,Ram,CN,Dengzhou,WAUVC68E04A468226
36,WBAEP33422P332935,"Yukon XL 1500",GMC,CN,Dengzhou,WBAEP33422P332935
36,YV1940AS8D1888860,"Grand Marquis",Mercury,CN,Dengzhou,YV1940AS8D1888860
36,YV440MBC8F1789546,Monterey,Mercury,CN,Dengzhou,NULL
37,19UUA662X7A767497,"D250 Club",Dodge,SE,Tyres,19UUA662X7A767497
37,1C3CDFEBXFD350577,"G-Series G30",Chevrolet,SE,Tyres,NULL
37,1D7RE5GK5BS166637,E250,Ford,SE,Tyres,1D7RE5GK5BS166637
37,1FTSW3A58AE877792,525,BMW,SE,Tyres,NULL
37,1G6DH8EY9B0981586,Cobalt,Chevrolet,SE,Tyres,1G6DH8EY9B0981586
37,1G6YV36A665186745,"Savana 2500",GMC,SE,Tyres,NULL
37,2C3CCARG5FH232497,Corvette,Chevrolet,SE,Tyres,2C3CCARG5FH232497
37,2T1BPRHE8EC231105,1500,Chevrolet,SE,Tyres,2T1BPRHE8EC231105
37,4A4AP3AU5EE815977,Forenza,Suzuki,SE,Tyres,NULL
37,5J6TF2H54EL172149,"3 Series",BMW,SE,Tyres,5J6TF2H54EL172149
37,5N1AT2ML2EC508998,RX-8,Mazda,SE,Tyres,5N1AT2ML2EC508998
37,5TFAW5F18FX312115,rio,Volkswagen,SE,Tyres,NULL
37,JN1BJ0HP0FM501451,Scirocco,Volkswagen,SE,Tyres,NULL
37,JN1CV6EKXDM488287,"Continental Mark VII",Lincoln,SE,Tyres,JN1CV6EKXDM488287
37,JN8AZ2KR3DT301694,Impreza,Subaru,SE,Tyres,NULL
37,JN8AZ2KR7AT284894,Yukon,GMC,SE,Tyres,JN8AZ2KR7AT284894
37,KM8JT3AB0BU423472,Prizm,Chevrolet,SE,Tyres,KM8JT3AB0BU423472
37,SAJWA4FC3EM447729,Colt,Plymouth,SE,Tyres,SAJWA4FC3EM447729
37,SALME1D48AA417568,Riviera,Buick,SE,Tyres,NULL
37,SCFFDECN5CG652807,A6,Audi,SE,Tyres,SCFFDECN5CG652807
37,WAU2GAFC7DN771895,Elantra,Hyundai,SE,Tyres,NULL
37,WAUWFBFL0CA590265,Chariot,Mitsubishi,SE,Tyres,WAUWFBFL0CA590265
37,WBA3A5C5XFF555877,Liberty,Jeep,SE,Tyres,WBA3A5C5XFF555877
37,WBAHN83528D908011,S90,Volvo,SE,Tyres,WBAHN83528D908011
37,WUATNAFG8EN779752,Pilot,Honda,SE,Tyres,NULL
37,WVWED7AJ4BW582355,"Sierra 3500HD",GMC,SE,Tyres,WVWED7AJ4BW582355
38,1G4PR5SK7F4170336,"1 Series",BMW,CN,Xinzhou,1G4PR5SK7F4170336
38,2B3CJ5DT7AH924462,H1,Hummer,CN,Xinzhou,2B3CJ5DT7AH924462
38,3C63D3JL4CG661985,Q,Infiniti,CN,Xinzhou,NULL
38,3VW517AT9FM747183,"Town Car",Lincoln,CN,Xinzhou,NULL
38,3VWJP7ATXCM504314,Legacy,Subaru,CN,Xinzhou,3VWJP7ATXCM504314
38,5FNYF3H20AB221352,Prowler,Chrysler,CN,Xinzhou,NULL
38,5J6TF2H55DL704250,"Miata MX-5",Mazda,CN,Xinzhou,5J6TF2H55DL704250
38,JN8AS5MT0CW541863,Pathfinder,Nissan,CN,Xinzhou,NULL
38,KNAFU6A22A5211591,DB9,"Aston Martin",CN,Xinzhou,NULL
38,WAUDF78E45A725821,LeSabre,Buick,CN,Xinzhou,WAUDF78E45A725821
38,WAUDF98E28A676411,Sienna,Toyota,CN,Xinzhou,NULL
38,WAURVAFD2CN547249,RX-8,Mazda,CN,Xinzhou,WAURVAFD2CN547249
38,WBAYF4C52FD227737,"Sportvan G10",Chevrolet,CN,Xinzhou,WBAYF4C52FD227737
38,WP1AA2A22CL646779,LHS,Chrysler,CN,Xinzhou,NULL
39,1FTFW1E80AK496661,"Town Car",Lincoln,FI,Savitaipale,NULL
39,1GYS3CEF4BR222757,Bonneville,Pontiac,FI,Savitaipale,NULL
39,2C4RDGEG4CR747170,Z3,BMW,FI,Savitaipale,NULL
39,2C4RDGEG5FR429272,TundraMax,Toyota,FI,Savitaipale,NULL
39,2G4WB55K511641593,Caravan,Dodge,FI,Savitaipale,2G4WB55K511641593
39,5N1AZ2MH1FN547341,Elantra,Hyundai,FI,Savitaipale,5N1AZ2MH1FN547341
39,JHMZE2H39BS480161,Thunderbird,Ford,FI,Savitaipale,NULL
39,JM1NC2PFXF0892852,Firebird,Pontiac,FI,Savitaipale,NULL
39,SCFEBBCF5CG701948,Civic,Honda,FI,Savitaipale,NULL
39,WAUBNBFB1AN766786,FX,Infiniti,FI,Savitaipale,NULL
39,WAUDF48H28K394941,XK,Jaguar,FI,Savitaipale,NULL
39,WAUDF58E15A441812,NSX,Acura,FI,Savitaipale,WAUDF58E15A441812
39,WAUUL78E35A304844,Mustang,Ford,FI,Savitaipale,NULL
39,WAUUL98EX7A775517,3000GT,Mitsubishi,FI,Savitaipale,NULL
39,YV1612FS5E1899140,Sienna,Toyota,FI,Savitaipale,YV1612FS5E1899140
40,1C3CCBBB2DN501421,"Ram Van 1500",Dodge,FR,Creil,1C3CCBBB2DN501421
40,1D7RB1CPXAS587139,"Express 1500",Chevrolet,FR,Creil,NULL
40,1D7RV1CP5BS933770,Spirit,Dodge,FR,Creil,1D7RV1CP5BS933770
40,1G4HP52K234335957,Cobalt,Chevrolet,FR,Creil,1G4HP52K234335957
40,1GYS4BKJ9FR820607,Equinox,Chevrolet,FR,Creil,NULL
40,1VWAH7A39EC308883,Avalanche,Chevrolet,FR,Creil,NULL
40,2G4WB55KX41948150,Yaris,Toyota,FR,Creil,2G4WB55KX41948150
40,2T1BU4EE7DC772399,G,Infiniti,FR,Creil,2T1BU4EE7DC772399
40,3GYFNDEY7BS260483,1500,Chevrolet,FR,Creil,NULL
40,3N1AB6AP9CL390264,Sonata,Hyundai,FR,Creil,NULL
40,3TMJU4GN6AM307284,"Ram 1500",Dodge,FR,Creil,3TMJU4GN6AM307284
40,3VWAL7AJ1AM732550,X3,BMW,FR,Creil,NULL
40,3VWKZ8AJ4BM690725,Hombre,Isuzu,FR,Creil,3VWKZ8AJ4BM690725
40,4USBU33508L223116,"Grand Marquis",Mercury,FR,Creil,4USBU33508L223116
40,5J6TF1H55DL670160,Mirage,Mitsubishi,FR,Creil,NULL
40,JN1BJ0HP9DM689111,HHR,Chevrolet,FR,Creil,JN1BJ0HP9DM689111
40,WAUDH78EX8A902886,F-Series,Ford,FR,Creil,WAUDH78EX8A902886
40,WAUR2AFD6DN209945,"Crown Victoria",Ford,FR,Creil,NULL
40,WP0AD2A72EL998836,Topaz,Mercury,FR,Creil,NULL
41,1FTWW3A57AE969459,F-Series,Ford,ID,Ambarawa,NULL
41,1G6DM1E37D0289451,V50,Volvo,ID,Ambarawa,1G6DM1E37D0289451
41,1GKS2FEJ5CR221606,Taurus,Ford,ID,Ambarawa,NULL
41,1GTN1TEH2FZ044041,"Suburban 2500",Chevrolet,ID,Ambarawa,1GTN1TEH2FZ044041
41,1GYS3JKJ1FR525031,GX,Lexus,ID,Ambarawa,1GYS3JKJ1FR525031
41,1N6AA0CC6CN735660,Ranger,Ford,ID,Ambarawa,1N6AA0CC6CN735660
41,1N6AF0LY8FN776650,"G-Series 1500",Chevrolet,ID,Ambarawa,NULL
41,2B3CL5CT1BH952335,Cirrus,Chrysler,ID,Ambarawa,2B3CL5CT1BH952335
41,3D73M4EL2BG821617,Titan,Nissan,ID,Ambarawa,3D73M4EL2BG821617
41,3VW467AT5DM591170,A6,Audi,ID,Ambarawa,NULL
41,5N1AA0NC5CN415127,IS,Lexus,ID,Ambarawa,5N1AA0NC5CN415127
41,JTJHY7AX3F4915455,Forenza,Suzuki,ID,Ambarawa,JTJHY7AX3F4915455
41,SALAC2D49AA984242,Expedition,Ford,ID,Ambarawa,SALAC2D49AA984242
41,SCBCR73W69C050850,Ram,Dodge,ID,Ambarawa,SCBCR73W69C050850
41,SCBCU8ZA5AC709327,Tiburon,Hyundai,ID,Ambarawa,SCBCU8ZA5AC709327
41,SCFAB01E29G474269,Ranger,Ford,ID,Ambarawa,SCFAB01E29G474269
41,WAUCFAFH9FN334003,LeSabre,Buick,ID,Ambarawa,NULL
41,WAUHF78P78A244484,APV,Chevrolet,ID,Ambarawa,NULL
41,WAUHF78P79A919476,850,Volvo,ID,Ambarawa,WAUHF78P79A919476
41,WAUSH78E68A703292,"Grand Prix",Pontiac,ID,Ambarawa,WAUSH78E68A703292
41,WBAFR7C52BC880889,Trooper,Isuzu,ID,Ambarawa,NULL
41,WVGEP9BP7FD089143,"Grand Marquis",Mercury,ID,Ambarawa,NULL
42,1FTEW1C80AF469287,Viper,Dodge,UA,Chortkiv,NULL
42,1FTSW2A55AE246377,Expedition,Ford,UA,Chortkiv,1FTSW2A55AE246377
42,1FTWX3A5XAE280657,Continental,Lincoln,UA,Chortkiv,1FTWX3A5XAE280657
42,1G6DA8E57C0914626,"Fifth Ave",Chrysler,UA,Chortkiv,1G6DA8E57C0914626
42,1N4AA5APXBC124049,"Ram 1500 Club",Dodge,UA,Chortkiv,NULL
42,1N6AA0CJ8DN050818,"Grand Cherokee",Jeep,UA,Chortkiv,1N6AA0CJ8DN050818
42,2G4G15GV0B9736113,B-Series,Mazda,UA,Chortkiv,2G4G15GV0B9736113
42,2T1BURHEXEC130480,Jetta,Volkswagen,UA,Chortkiv,NULL
42,5LMJJ2H56CE707276,DeVille,Cadillac,UA,Chortkiv,5LMJJ2H56CE707276
42,5N1BA0NC2FN751004,Protege,Mazda,UA,Chortkiv,5N1BA0NC2FN751004
42,5TFAW5F11EX037248,"Suburban 1500",GMC,UA,Chortkiv,5TFAW5F11EX037248
42,JN8AS5MT5BW439926,CR-X,Honda,UA,Chortkiv,NULL
42,KNALU4D47F6851253,9000,Saab,UA,Chortkiv,KNALU4D47F6851253
42,SALAB2D48AA472975,A6,Audi,UA,Chortkiv,NULL
42,WAUNF78P48A234241,"Type 2",Volkswagen,UA,Chortkiv,NULL
42,WBA3A5G52DN195095,Familia,Mazda,UA,Chortkiv,WBA3A5G52DN195095
42,WBAAV53401J796789,Spyder,Maserati,UA,Chortkiv,WBAAV53401J796789
42,WDDGF4HB7DA416160,Sparrow,Corbin,UA,Chortkiv,NULL
42,WP1AA2A2XCL535459,Taurus,Ford,UA,Chortkiv,WP1AA2A2XCL535459
42,WUAAU342X9N492125,"1 Series",BMW,UA,Chortkiv,NULL
42,WVWAA7AH6BV778291,GranTurismo,Maserati,UA,Chortkiv,NULL
43,1C4NJPBA3CD041754,"Monte Carlo",Chevrolet,BR,"Montes Claros",1C4NJPBA3CD041754
43,1FTNF1E87AK124925,"G-Series G10",Chevrolet,BR,"Montes Claros",NULL
43,1G4GE5GD3BF022527,1000,Pontiac,BR,"Montes Claros",1G4GE5GD3BF022527
43,1G6AB5SA4D0958407,IS,Lexus,BR,"Montes Claros",NULL
43,1J4PR4GK7AC554424,"FJ Cruiser",Toyota,BR,"Montes Claros",NULL
43,1N4AL3AP0DC124904,"Express 1500",Chevrolet,BR,"Montes Claros",NULL
43,3VWJP7AT8CM628047,F250,Ford,BR,"Montes Claros",3VWJP7AT8CM628047
43,4A37L2EFXAE436757,Achieva,Oldsmobile,BR,"Montes Claros",NULL
43,JN8AF5MV3FT056337,Rio,Kia,BR,"Montes Claros",NULL
43,SCFHDDAJ0AA246906,530,BMW,BR,"Montes Claros",NULL
43,WA1DGAFE2CD836339,Beretta,Chevrolet,BR,"Montes Claros",WA1DGAFE2CD836339
43,WAUBT48H85K832311,Escalade,Cadillac,BR,"Montes Claros",NULL
43,WAUCVAFR7CA673244,GT500,Ford,BR,"Montes Claros",WAUCVAFR7CA673244
43,WAUHF98P49A956111,E350,Ford,BR,"Montes Claros",WAUHF98P49A956111
43,WAULC58E93A521473,X-90,Suzuki,BR,"Montes Claros",WAULC58E93A521473
43,WAUSH94F67N404497,Tundra,Toyota,BR,"Montes Claros",WAUSH94F67N404497
43,WBALM7C56AE029425,Mulsanne,Bentley,BR,"Montes Claros",WBALM7C56AE029425
43,WVGEP9BP9FD838900,Expedition,Ford,BR,"Montes Claros",NULL
43,YV1672MS7B2554246,Escape,Ford,BR,"Montes Claros",YV1672MS7B2554246
44,1FTNF2B57AE959342,Yaris,Toyota,CN,Zhongxing,1FTNF2B57AE959342
44,1G6AB5SA5E0348081,914,Porsche,CN,Zhongxing,1G6AB5SA5E0348081
44,1G6DA5EG0A0661811,Rogue,Nissan,CN,Zhongxing,1G6DA5EG0A0661811
44,1G6DA67V080901953,Lucerne,Buick,CN,Zhongxing,1G6DA67V080901953
44,1GYEC63858R779088,Exige,Lotus,CN,Zhongxing,1GYEC63858R779088
44,1N6AA0EC3FN259420,"Suburban 2500",Chevrolet,CN,Zhongxing,1N6AA0EC3FN259420
44,2G4WC582361989893,"Express 3500",Chevrolet,CN,Zhongxing,2G4WC582361989893
44,3C4PDCGB9ET715123,Murcilago,Lamborghini,CN,Zhongxing,3C4PDCGB9ET715123
44,3C63D3KL0CG169226,"G-Series G10",Chevrolet,CN,Zhongxing,NULL
44,3FAHP0KC1AR422971,MPV,Mazda,CN,Zhongxing,3FAHP0KC1AR422971
44,3GYFNAE35CS519797,Monterey,Mercury,CN,Zhongxing,NULL
44,4JGCB2FE1BA961169,Diablo,Lamborghini,CN,Zhongxing,NULL
44,4USCN33472L268523,"612 Scaglietti",Ferrari,CN,Zhongxing,4USCN33472L268523
44,5UXFE8C57AL554281,"Colt Vista",Plymouth,CN,Zhongxing,NULL
44,5UXFG2C51DL715882,"1500 Club Coupe",GMC,CN,Zhongxing,NULL
44,5YMGY0C5XBL339825,"Explorer Sport Trac",Ford,CN,Zhongxing,NULL
44,JA4AD2A32EZ279865,Intrepid,Dodge,CN,Zhongxing,NULL
44,JN1BY1AP9EM180679,Reatta,Buick,CN,Zhongxing,NULL
44,JTHHE5BC2F5277462,E250,Ford,CN,Zhongxing,JTHHE5BC2F5277462
44,WA1AV74L79D344797,"Vandura 2500",GMC,CN,Zhongxing,WA1AV74L79D344797
44,WA1CGAFE4BD940552,Ram,Dodge,CN,Zhongxing,NULL
44,WA1LGBFE2FD656994,"Express 2500",Chevrolet,CN,Zhongxing,WA1LGBFE2FD656994
44,WAUEF98E08A346917,"Ram 1500",Dodge,CN,Zhongxing,NULL
44,WAUHF98P08A225495,300ZX,Nissan,CN,Zhongxing,WAUHF98P08A225495
44,WAUWFAFH7EN619598,X3,BMW,CN,Zhongxing,WAUWFAFH7EN619598
44,WBAFU9C58CD285597,Baja,Subaru,CN,Zhongxing,WBAFU9C58CD285597
44,WBAKF3C59CE816726,Corvette,Chevrolet,CN,Zhongxing,NULL
44,WBANE73576B730201,S40,Volvo,CN,Zhongxing,NULL
44,WBXPC934X9W895230,Venza,Toyota,CN,Zhongxing,NULL
45,137ZA84341E765890,Highlander,Toyota,IR,Sardasht,NULL
45,1C4AJWAG9EL709676,S6,Audi,IR,Sardasht,NULL
45,1C4NJPBAXCD960361,"Mighty Max",Mitsubishi,IR,Sardasht,NULL
45,1D7CW3GK6AS309973,LS,Lincoln,IR,Sardasht,NULL
45,1FTSF3A54AE423328,LX,Lexus,IR,Sardasht,NULL
45,1FTSX2A50AE171083,9-3,Saab,IR,Sardasht,1FTSX2A50AE171083
45,3G5DB03E75S745256,MR2,Toyota,IR,Sardasht,NULL
45,3VW117AU0FM336522,Cayman,Porsche,IR,Sardasht,3VW117AU0FM336522
45,3VW4S7AT0EM013779,4000s,Audi,IR,Sardasht,3VW4S7AT0EM013779
45,3VWF17AT1FM587353,Supra,Toyota,IR,Sardasht,NULL
45,5GAER13D49J593435,900,Saab,IR,Sardasht,5GAER13D49J593435
45,JHMZF1C60CS018825,Murcilago,Lamborghini,IR,Sardasht,JHMZF1C60CS018825
45,WAULC68E95A875535,S80,Volvo,IR,Sardasht,NULL
45,WBANV1C57AC440430,Mustang,Ford,IR,Sardasht,NULL
45,WDDHF5KB6EA808504,Prius,Toyota,IR,Sardasht,WDDHF5KB6EA808504
45,WVWAN7ANXDE487774,Beretta,Chevrolet,IR,Sardasht,NULL
46,19UUA66216A060741,IS-F,Lexus,PH,"San Miguel",19UUA66216A060741
46,1B3CB1HA7AD246453,SC,Lexus,PH,"San Miguel",NULL
46,1FTEX1E83AF043958,M,BMW,PH,"San Miguel",1FTEX1E83AF043958
46,1G6KY54903U300726,Tiburon,Hyundai,PH,"San Miguel",1G6KY54903U300726
46,1GYEE637760651874,"Alcyone SVX",Subaru,PH,"San Miguel",NULL
46,1GYFC56299R151946,"Suburban 2500",Chevrolet,PH,"San Miguel",NULL
46,1GYUKFEJ9AR730108,Allroad,Audi,PH,"San Miguel",1GYUKFEJ9AR730108
46,1N6BF0KX2FN983628,xB,Scion,PH,"San Miguel",1N6BF0KX2FN983628
46,2B3CM5CT8BH198301,Veloster,Hyundai,PH,"San Miguel",NULL
46,2C3CA5CV3AH273787,"Express 1500",Chevrolet,PH,"San Miguel",2C3CA5CV3AH273787
46,2G4WS52J821508484,Fortwo,Smart,PH,"San Miguel",NULL
46,5N1CR2MMXEC644313,H1,Hummer,PH,"San Miguel",NULL
46,5UMCN93462L114888,DTS,Cadillac,PH,"San Miguel",NULL
46,JHMZF1C67CS191399,Sonata,Hyundai,PH,"San Miguel",NULL
46,JM1DE1KY2C0880635,LS,Lexus,PH,"San Miguel",JM1DE1KY2C0880635
46,JN8AS5MT8AW702098,Topaz,Mercury,PH,"San Miguel",NULL
46,JN8AZ1MU7CW985285,"Continental Mark VII",Lincoln,PH,"San Miguel",JN8AZ1MU7CW985285
46,JTJBM7FX6A5093196,iQ,Scion,PH,"San Miguel",JTJBM7FX6A5093196
46,SCFAB01E19G780458,MX-3,Mazda,PH,"San Miguel",SCFAB01E19G780458
46,WA1VMAFE3ED162735,6000,Pontiac,PH,"San Miguel",WA1VMAFE3ED162735
46,WAUDFAFL6BN591171,Discovery,"Land Rover",PH,"San Miguel",NULL
46,WBAPL3C5XAA930611,Talon,Eagle,PH,"San Miguel",NULL
46,WVGEF9BPXFD886358,Camaro,Chevrolet,PH,"San Miguel",NULL
47,1FMJK2A58AE891947,F150,Ford,CN,Hengjie,1FMJK2A58AE891947
47,1G4GF5E35DF234100,Sonata,Hyundai,CN,Hengjie,NULL
47,1G6AC5SX6F0500758,Century,Buick,CN,Hengjie,1G6AC5SX6F0500758
47,1G6AX5SX0F0456115,Montego,Mercury,CN,Hengjie,1G6AX5SX0F0456115
47,1G6AY5S34E0064344,Relay,Saturn,CN,Hengjie,NULL
47,1G6KD57Y99U750947,Beretta,Chevrolet,CN,Hengjie,NULL
47,1GD11ZCG1BF455952,Viper,Dodge,CN,Hengjie,1GD11ZCG1BF455952
47,1GYS4AKJXFR621138,Accord,Honda,CN,Hengjie,NULL
47,1J4NF1GB9BD533505,Golf,Volkswagen,CN,Hengjie,1J4NF1GB9BD533505
47,1VWAH7A38DC923911,Voyager,Plymouth,CN,Hengjie,1VWAH7A38DC923911
47,2G4GX5GV0B9223250,Rio,Kia,CN,Hengjie,NULL
47,3N1CN7AP2FL062050,H2,Hummer,CN,Hengjie,NULL
47,5FRYD3H46EB647560,Prius,Toyota,CN,Hengjie,5FRYD3H46EB647560
47,5J8TB18288A201719,"Grand Prix",Pontiac,CN,Hengjie,NULL
47,5N1BA0NCXFN426715,LSS,Oldsmobile,CN,Hengjie,5N1BA0NCXFN426715
47,5UXZW0C5XCL107345,Gallardo,Lamborghini,CN,Hengjie,NULL
47,JA32U2FU0EU662923,Omni,Dodge,CN,Hengjie,NULL
47,JHMZE2H34DS250496,LeSabre,Buick,CN,Hengjie,JHMZE2H34DS250496
47,JN8AZ1MU7CW641200,Evora,Lotus,CN,Hengjie,NULL
47,KMHHT6KJ0FU336571,SC,Lexus,CN,Hengjie,NULL
47,KNDJN2A27F7948168,Challenger,Mitsubishi,CN,Hengjie,NULL
47,SCBGU3ZA7EC845601,2500,Ram,CN,Hengjie,SCBGU3ZA7EC845601
47,TRURD38J881152825,Clubman,MINI,CN,Hengjie,NULL
47,WA1WYAFE2AD335115,QX,Infiniti,CN,Hengjie,WA1WYAFE2AD335115
47,WAULC58E04A353854,X5,BMW,CN,Hengjie,WAULC58E04A353854
47,WAURMAFD2EN556622,Lancer,Mitsubishi,CN,Hengjie,WAURMAFD2EN556622
47,WAUSH78E56A793662,Brooklands,Bentley,CN,Hengjie,WAUSH78E56A793662
47,WBA3A5G53CN584861,X5,BMW,CN,Hengjie,WBA3A5G53CN584861
47,WBAYA8C57FG916502,"Savana 2500",GMC,CN,Hengjie,WBAYA8C57FG916502
48,19XFA1F38AE124668,Countach,Lamborghini,RU,Yashalta,NULL
48,1FTSW3B56AE324184,"Yukon XL",GMC,RU,Yashalta,NULL
48,1G6D25EY3B0996326,G,Infiniti,RU,Yashalta,1G6D25EY3B0996326
48,1GD21ZCG0BZ203323,Metro,Chevrolet,RU,Yashalta,1GD21ZCG0BZ203323
48,3D7TP2CT7BG106797,Probe,Ford,RU,Yashalta,3D7TP2CT7BG106797
48,3FA6P0LU0FR138351,GTI,Volkswagen,RU,Yashalta,3FA6P0LU0FR138351
48,5J8TB18547A036289,M-Class,Mercedes-Benz,RU,Yashalta,5J8TB18547A036289
48,5TDDK3DCXBS594940,Cooper,MINI,RU,Yashalta,5TDDK3DCXBS594940
48,JM3TB2BA1E0850906,Silhouette,Oldsmobile,RU,Yashalta,NULL
48,JN1CV6AP6BM618497,Sequoia,Toyota,RU,Yashalta,NULL
48,KMHHT6KJXFU851254,928,Porsche,RU,Yashalta,KMHHT6KJXFU851254
48,WAU3GBFC9DN874035,Focus,Ford,RU,Yashalta,NULL
48,WAUDN74F28N739991,XL-7,Suzuki,RU,Yashalta,WAUDN74F28N739991
48,WAUFGBFC0DN937004,Landaulet,Maybach,RU,Yashalta,WAUFGBFC0DN937004
48,WBA3B5G56EN059874,Familia,Mazda,RU,Yashalta,WBA3B5G56EN059874
48,WBAKG7C55DE985616,Eldorado,Cadillac,RU,Yashalta,NULL
48,WP0CA2A85EK330805,Charger,Dodge,RU,Yashalta,WP0CA2A85EK330805
49,1C3BCBEB4EN648767,Pajero,Mitsubishi,PL,Niedzwiedz,NULL
49,1FTMF1EW1AF601271,Mustang,Ford,PL,Niedzwiedz,1FTMF1EW1AF601271
49,1G6AB5RX1F0709687,Elantra,Hyundai,PL,Niedzwiedz,1G6AB5RX1F0709687
49,1G6DJ8E36D0786704,"New Yorker",Chrysler,PL,Niedzwiedz,1G6DJ8E36D0786704
49,1G6DV8EP4D0887506,Accord,Honda,PL,Niedzwiedz,1G6DV8EP4D0887506
49,1GT01XEGXFZ519864,CTS,Cadillac,PL,Niedzwiedz,1GT01XEGXFZ519864
49,3C6TD5JT7CG289330,Sebring,Chrysler,PL,Niedzwiedz,3C6TD5JT7CG289330
49,3D73M3CL4AG501100,Eclipse,Mitsubishi,PL,Niedzwiedz,NULL
49,3D73Y3HLXBG454234,IS,Lexus,PL,Niedzwiedz,3D73Y3HLXBG454234
49,3GYFNDEY5BS683238,Compass,Jeep,PL,Niedzwiedz,3GYFNDEY5BS683238
49,4USBU33558L960439,Mountaineer,Mercury,PL,Niedzwiedz,4USBU33558L960439
49,JH4DC54893C008198,Firebird,Pontiac,PL,Niedzwiedz,NULL
49,JTDKDTB36F1973795,RX,Lexus,PL,Niedzwiedz,NULL
49,SAJWA1CB9CL166919,Tundra,Toyota,PL,Niedzwiedz,NULL
49,VNKJTUD36FA976916,TT,Audi,PL,Niedzwiedz,VNKJTUD36FA976916
49,WAU3GAFD0FN736308,Cayenne,Porsche,PL,Niedzwiedz,NULL
49,WAUHE98P79A916107,Concorde,Chrysler,PL,Niedzwiedz,NULL
49,WAUKH78E97A323488,"New Beetle",Volkswagen,PL,Niedzwiedz,WAUKH78E97A323488
49,WVWED7AJ2DW815555,"Ram Van 1500",Dodge,PL,Niedzwiedz,NULL
50,19UUA76597A046054,Aspire,Ford,ID,Kapinango,NULL
50,1D4PU2GK7AW457069,"Econoline E150",Ford,ID,Kapinango,1D4PU2GK7AW457069
50,1G6DS1E33C0834548,GTI,Volkswagen,ID,Kapinango,NULL
50,1GD11XEG5FF082132,MPV,Mazda,ID,Kapinango,1GD11XEG5FF082132
50,1GTN1TEXXBZ168737,Malibu,Chevrolet,ID,Kapinango,1GTN1TEXXBZ168737
50,1YVHZ8BH4A5283592,Landaulet,Maybach,ID,Kapinango,NULL
50,2T1BURHE6FC671091,Carens,Kia,ID,Kapinango,2T1BURHE6FC671091
50,4USCN33412L473206,LeMans,Pontiac,ID,Kapinango,4USCN33412L473206
50,5NPE24AF4FH112192,Golf,Volkswagen,ID,Kapinango,5NPE24AF4FH112192
50,JH4CU2F65DC462968,745,BMW,ID,Kapinango,JH4CU2F65DC462968
50,JN1AJ0HP7BM077532,944,Porsche,ID,Kapinango,JN1AJ0HP7BM077532
50,JN8AF5MR2ET974775,Somerset,Buick,ID,Kapinango,NULL
50,JTDKDTB30C1082395,W201,Mercedes-Benz,ID,Kapinango,JTDKDTB30C1082395
50,JTHBB1BA8B2995079,"Grand Cherokee",Jeep,ID,Kapinango,JTHBB1BA8B2995079
50,WA19FAFL2DA040975,SLX,Acura,ID,Kapinango,NULL
50,WBABV13485J690562,"Savana 1500",GMC,ID,Kapinango,WBABV13485J690562
50,WBAHN03586D421507,M3,BMW,ID,Kapinango,WBAHN03586D421507
50,WBAPK5C53BF784877,TL,Acura,ID,Kapinango,WBAPK5C53BF784877
50,WBAXA5C58ED902828,Thunderbird,Ford,ID,Kapinango,NULL
